{
  "name": "Alle meine Entchen",
  "lastEdit": 1739828172188,
  "created": 1665912417875,
  "html": "<!DOCTYPE html>\n<html lang=\"de\">\n    <head>\n        <meta charset=\"utf-8\">\n        <title>Zugänge</title>\n    </head>\n    <body>\n        <div class=\"center header\">Zugangsdaten</div>\n    <div class=\"add form-hidden\" id=\"newItem\"></div>\n    <div class=\"wrap\">\n        <div class=\"box\"></div>\n    </div>\n    </body>\n</html>",
  "css": "* {\n    scrollbar-width: none;\n    border: 0;\n    font-family: Roboto, monospace;\n    font-size: 18px;\n    margin: 0;\n    padding: 0;\n    vertical-align: baseline;\n    box-sizing: border-box\n}\n\n@page {\n    margin: 1cm\n}\n\nbody {\n    background: #888;\n    color: #ddd;\n    user-select: none\n}\n\ninput {\n    user-select: auto\n}\n\n.wrap {\n    padding: 20px\n}\n\n.box {\n    background-color: #444;\n    border-radius: 10px;\n    padding: 50px 20px 20px 20px;\n    transition: opacity 500ms\n}\n\n.box div:first-child {\n    position: relative;\n    top: -25px\n}\n\n.entry {\n    overflow: auto\n}\n\n.hidden {\n    height: 0\n}\n\n.form-hidden {\n    opacity: 0;\n    top: -3000px !important;\n    left: -3000px !important\n}\n\n.right {\n    float: right\n}\n\n.center {\n    text-align: center\n}\n\n.right a {\n    font-size: 12px;\n    padding: 4px 10px\n}\n\n.add {\n    display: block;\n    width: 800px;\n    background-color: #555;\n    position: fixed;\n    top: 50vh;\n    left: 50vw;\n    transform: translate(-50%, -50%);\n    border: #ddd 1px solid;\n    border-radius: 10px;\n    transition: opacity 500ms linear;\n    z-index: 1\n}\n\n.add-big {\n    position: absolute;\n    top: 0;\n    display: block;\n    width: 800px;\n    background-color: #555;\n    left: 50vw;\n    transform: translateX(-50%);\n    border: #ddd 1px solid;\n    border-radius: 10px;\n    transition: opacity 500ms linear;\n    z-index: 1\n}\n\n.h1, h1 {\n    background-color: #555;\n    border: transparent 1px solid;\n    border-radius: 6px;\n    padding: 3px;\n    transition: all 50ms\n}\n\n#editform label, #addform label {\n    margin: 3px 0;\n    display: inline-block;\n    width: 35%;\n    text-align: right;\n    padding-right: 5px\n}\n\n#editform input, #addform input {\n    margin: 3px 0;\n    display: inline-block;\n    width: 60%;\n    padding: 0\n}\n\n.head-button {\n    padding: 4px;\n    margin: 4px 10px;\n    border: 1px solid;\n    border-radius: 5px;\n    background-color: #555\n}\n\n.w {\n    display: inline-block\n}\n\n.edit {\n    opacity: 0;\n    transition: all 0.5s\n}\n\n.restore {\n    position: absolute;\n    left: 50%;\n    bottom: 0;\n    transform: translate(-50%, 50%)\n}\n\n.smooth-out {\n    transition: opacity 0.5s;\n    opacity: 0\n}\n\n.element-id {\n    display: inline-block;\n    background: #333;\n    border: #fff 1px solid;\n    padding: 5px;\n    margin: 10px;\n    border-radius: 8px\n}\n\n.activeEl {\n    border-color: #fff\n}\n\n.header {\n    font-family: Verdana, sans-serif;\n    font-size: 28px;\n    padding: 8px 0;\n    border-top: #fff 1px solid;\n    border-bottom: #fff 1px solid;\n    margin-top: 20px\n}\n\n.blur {\n    filter: blur(3px);\n    transform: scale(0.98)\n}\n\n.blur::after {\n    content: \"\";\n    position: absolute;\n    z-index: 1000;\n    top: 0;\n    left: 0;\n    width: 100vw;\n    height: 100vh;\n    background-color: #0004\n}\n\n.wrap {\n    transition: transform 400ms\n}",
  "js": "const $addItemHtml = `<div class=\"new-item\"><div class=\"element-id\"><label for=\"name\">Account: </label><input class=\"registered\" type=\"text\" data-id=\"name\"><br><label for=\"email\">Email: </label><input class=\"registered\" type=\"text\" data-id=\"email\"><br><label for=\"user\">Benutzername: </label><input class=\"registered\" type=\"text\" data-id=\"user\" autocomplete=\"off\"><br><label for=\"pw\">Passwort: </label><input class=\"registered\" type=\"password\" data-id=\"pw\" value=\"\" autocomplete=\"off\"><span class=\"show\">(show)</span><br><label for=\"key\">Registrierungs-Key: </label><input class=\"registered\" type=\"text\" data-id=\"key\"></div><a class=\"del-item\">[<span title=\"Diesen Eintrag entfernen\" style=\"color:#f63;font-weight:bold\">x</span>]</a></div>`,\n      $newItemHead = `<div><form id=\"addform\" autocomplete=\"off\"><div align=\"center\"><label for=\"name\">Anzeige-Name: </label><input class=\"item\" type=\"text\" data-id=\"name\"><br><label for=\"platform\">Plattform (http://...): </label><input class=\"item\" type=\"text\" data-id=\"platform\"><br><label for=\"info\">Info: </label><input class=\"item\" type=\"text\" data-id=\"info\"><div class=\"new-items\">${$addItemHtml}</div><br><a class=\"add-item\">[+]</a><br><br><input type=\"button\" class=\"chb\" value=\"Neuen Eintrag übernehmen\"><input type=\"button\" class=\"ccl\" value=\"Abbrechen\"></div></form></div>`,\n      $removedEntries = \"<div align='center'><div class='h1'>Entfernte Einträge</div></div>\",\n      $headline = `<span class=\"head-button edit imp\">Import</span><span class=\"head-button edit exp\">Export JSON</span><span class=\"head-button edit exs\">Export JS</span><span class=\"head-button edit exd\">Export Data</span><span class=\"head-button edit new\">Neuer Eintrag</span>%recover%</div>`,\n      $formhead = `<form><div%align%><input type='file' accept='.json' style='position:fixed;top:-200px;opacity:0'>`,\n      each = (_,$)=>_.constructor==Object?Object.entries(_).forEach(([a,b],c)=>$(a,b,c)):[..._].forEach((a,c)=>$(a,c)),\n      Stars = \"********\", Hash = \"c2VjcmV0\", storage = window.localStorage || {};\nlet H1, N, activeElement, activeElements, box = document.querySelector(\".box\"),\n    R = {}, A = 0, S = \"\", T = \"\",\n    timeout, interval, activeEl, oldEl, listeners = [];\n\nwindow.onload = function() {\n    let c = loadFromStorage(\"entry\") || decodeArray(0);\n    c && typeof c != \"object\" && (c = JSON.parse(atob(c)).sort((c, a) => c.name.toLowerCase() > a.name.toLowerCase()));\n    box.innerHTML = listItems(c);\n    setTimeout(hideAll, 100);\n    saveToStorage(\"entry\", btoa(JSON.stringify(c)));\n    storage.old = storage.old || \"88,50,49,62\"; // =[] (leeres Array), sonst geht der Menüpunkt \"Wiederherstellen\" nicht.\n    H1 = [...box.querySelectorAll(\"h1\")];\n    setListeners();\n    setInterval(() => document.querySelectorAll(\".edit\").forEach(a => a.style.opacity = A ? 1 : 0), 300);\n    //document.addEventListener(\"blur\", accessDenied);\n    window.addEventListener(\"keydown\", handleKeys);\n    window.oncontextmenu = a => { a.preventDefault(); a.stopPropagation(); };\n}\n\nfunction setListeners() {\n    const toListen = [\".add-item\", \".bac\", \".imp\", \".exp\", \".exs\", \".exd\", \".new\", \".res\", \".cha\", \".chb\", \".ccl\"];\n    const toListenCb = [addItem, () => listElements(1), importJSON, exportJSON, exportJS, exportData, showAddForm, () => listElements(), showEditForm, saveEntryFromForm, cancel, () => toggle(\"pw\"), () => toggle(\"key\"), toggleHidden, restoreEntry, showEditForm, removeEntry];\n    const toListenMulti = [\".show\", \".show-key\", \".sh\", \".re\", \".ed\", \".del\"];\n    const listenLength = toListen.length;\n    each(toListen, (el, i) => document.querySelector(el) && (document.querySelector(el).onclick = toListenCb[i]));\n    each(toListenMulti, (el, i) => document.querySelectorAll(el).length && each(document.querySelectorAll(el), a => a.onclick = toListenCb[listenLength + i]));\n    document.querySelectorAll(\".pw\").length && each(document.querySelectorAll(\".pw\"), a => (a.onblur = a => hidePw(a.target), a.onmouseup = a => showPw(a.target)));\n}\n\nfunction removeListeners() {\n    document.querySelector(\".add-item\") && (document.querySelector(\".add-item\").onclick = null);\n    document.querySelector(\".bac\") && (document.querySelector(\".bac\").onclick = null);\n    document.querySelector(\".ccl\") && (document.querySelector(\".ccl\").onclick = null);\n}\n\nfunction handleKeys(e) {\n    if (e.target.tagName === \"INPUT\") return;\n    let el = document.querySelector(\".activeEl\");\n    if (A) {\n        el && (activeEl = el);\n        if (~[32, 37, 38, 39, 40].indexOf(e.keyCode)) {\n            e.preventDefault();\n            if (e.keyCode === 37) toggleHidden.call(el, 1);\n            else if (e.keyCode === 39) toggleHidden.call(el, 2);\n            else if (e.keyCode === 38) scroll(el, 2);\n            else if (e.keyCode === 40) scroll(el, 1);\n            else if (e.keyCode === 32 && activeElement) each(activeElement.querySelectorAll(\".w\"), w => showPw(w, 1));\n        }\n        T += e.key;\n        for (let a = 0; a < H1.length; a++) {\n            if (H1[a].innerHTML.split(\": \")[1].toLowerCase().substring(0, T.length) === T) {\n                el?.classList.remove(\"activeEl\");\n                activeEl = H1[a];\n                activeEl.classList.add(\"activeEl\");\n                intoView(activeEl);\n                timeout && clearTimeout(timeout);\n                timeout = setTimeout(() => flash(activeEl), 300);\n                break;\n            }\n        }\n        N && clearTimeout(N);\n        N = setTimeout(() => { T = \"\"; }, 1000);\n\n        function scroll(el, a) {\n            el = el || activeEl;\n            let active = H1.indexOf(el) || 0;\n            el.classList.remove(\"activeEl\");\n            a === 1 ? active < H1.length - 1 && active++ : a === 2 && active > 0 && active--;\n            el = H1[active];\n            el.classList.add(\"activeEl\");\n            activeEl = el;\n            intoView(el);\n        }\n    } else {\n        S += event.key;\n        atob(Hash).indexOf(S) === -1 ? S = event.key === atob(Hash)[0] ? event.key : \"\" : A = atob(Hash) === S ? 1 : 0;\n        A ? (\n            hideAll(),\n            (el = document.querySelector(\".activeEl\")) || (el = H1[0], el.classList.add(\"activeEl\"), activeEl = el, intoView(el))\n        ) : each(document.querySelectorAll(\".activeEl\"), e => e.classList.remove(\"activeEl\"));\n    }\n}\n\nfunction listItems(a, c) {\n    document.getElementById(\"newItem\").innerHTML = $newItemHead;\n    let d = 1, out = c === \"restore\" ? $removedEntries : \"\";\n    out += $formhead.replace(/%align%/, c === \"restore\" ? \"\" : \" align='center'\");\n    out += c === \"restore\" ? \"\" : $headline;\n    if (!a) return out + \"</form>\";\n    a = a.sort((a, b) => a.name > b.name);\n    out += \"<div><pre>\";\n    const removed = loadFromStorage(\"old\") ? JSON.parse(atob(loadFromStorage(\"old\"))) : [];\n    out = out.replace(/%recover%/, removed.length ? `\\n                        <span class=\"head-button edit res\">Wiederherstellen (${removed.length})</span>` : \"\");\n    a.length ? each(a, function(entry) {\n        out += `<h1 class=\"sh\" id=\"${d}\">Eintrag ${(d < 10 ? \"0\" : \"\") + d}: ${entry.name}<span class=\"right\"><a class=\"edit ${c === \"restore\" ? \"re\" : \"ed\"}\" data-id=\"%id%\">${c === \"restore\" ? \"Wiederherstellen\" : \"Bearbeiten\"}</a><a class=\"edit del\" data-id=\"%id%\" data-mode=\"${c}\">${c === \"restore\" ? \"Endgültig löschen\" : \"Entfernen\"}</a></span></h1>`;\n        entry.platform && (out += ` Plattform: ${entry.platform}<br />`);\n        entry.info && (out += `      Info: ${entry.info}`);\n        out += `<div id=\"div${d++}\" class=\"entry hidden\">   Details:<br />`;\n        entry.registered.forEach(function(props) {\n            for (prop in props) {\n                if (prop === \"id\" || prop === \"pw\") continue;\n                if (props[prop]) {\n                    if (prop === \"user\") out += `    Benutzername: ${props[prop]}<br>`;\n                    else out += `${\"                \".substring(prop.length)}${prop[0].toUpperCase()}${prop.substring(1)}: ${props[prop]}<br>`;\n                }\n            }\n            out += `        Passwort: <span class=\"w pw\" id=\"${props.id}\">********</span><br>`;\n            R[props.id] = props.pw;\n            out += \"<br>\";\n            out = out.replace(/%id%/g, props.id);\n        });\n        out += \"</div><br>\";\n    }) : out += \"Keine Einträge vorhanden\";\n\n    out += \"</pre></div>\";\n    c === \"restore\" && (out += `\n            <div align=\"center\">\n                <span class=\"head-button restore edit bac\">Zurück</span>\n            </div>`);\n    out += \"</form>\";\n    return out;\n}\n\nfunction addItem() {\n    const newEntry = document.getElementById(\"newItem\"),\n        newChildren = document.querySelector(\".new-items\");\n    let registered = newChildren.querySelectorAll(\".registered\");\n    const j = [];\n    registered.forEach((a, c) => j[c] = a.value);\n    newChildren.innerHTML += $addItemHtml;\n    style = newEntry.getBoundingClientRect();\n    style.height > innerHeight && newEntry.classList.replace(\"add\", \"add-big\");\n    document.querySelectorAll(\".del-item\").length && each(document.querySelectorAll(\".del-item\"), a => a.onclick = removeItem);\n    each(document.querySelectorAll(\".show\"), a => a.onclick = () => toggle(\"pw\"));\n    each(document.querySelectorAll(\".show-key\"), a => a.onclick = () => toggle(\"key\"));\n    registered = newChildren.querySelectorAll(\".registered\");\n    each(j, (a, c) => registered[c].value = a);\n}\n\nfunction removeItem() {\n    let parent = this.parentElement.parentElement;\n    let container = document.getElementById(\"newItem\");\n    parent.children.length > window.editform ? 0 : 1 && parent.removeChild(this.parentElement);\n    style = container.getBoundingClientRect();\n    style.height < innerHeight && container.classList.replace(\"add-big\", \"add\");\n    document.querySelector(\".add-item\") && (document.querySelector(\".add-item\").onclick = addItem);\n\n}\n\nfunction listElements(mode) {\n    let active;\n    typeof mode == \"object\" && (mode = null);\n    let items = loadFromStorage(mode ? \"entry\" : \"old\") || null;\n    if (!items) return;\n    typeof items != \"object\" && (items = JSON.parse(atob(items)));\n    activeElements = items;\n    box.style.opacity = 0;\n    active = H1.indexOf(activeEl || document.querySelector(\".activeEl\"));\n    setTimeout(function() {\n        box.innerHTML = listItems(activeElements, mode ? \"\" : \"restore\");\n        H1 = [...box.querySelectorAll(\"h1\")],\n        H1.length && H1[active] && (\n            activeEl = H1[active],\n            activeEl.classList.add(\"activeEl\")\n        );\n        setListeners();\n        hideAll();\n        box.style.opacity = 1;\n    }, 500);\n\n}\n\nfunction restoreEntry(a) {\n    let c = a.target.dataset.id;\n    event.stopPropagation();\n    if (!A || !loadFromStorage(\"old\")) return;\n    let allItems = loadFromStorage(\"entry\") || [];\n    allItems && typeof allItems != \"object\" && (allItems = JSON.parse(atob(allItems)));\n    let removedItems = JSON.parse(atob(loadFromStorage(\"old\"))),\n        removedItem = findElement(removedItems, c),\n        restoredItem = removedItem[0];\n    removedItems.splice(removedItem[1], 1);\n    let newId = getFreeId();\n    restoredItem.registered.length > 1 ? restoredItem.registered.forEach((c, a) => restoredItem.registered[a].id = newId + \"-\" + a) : restoredItem.registered[0].id = newId;\n    allItems.push(restoredItem);\n    saveToStorage(\"old\", btoa(JSON.stringify(removedItems)));\n    saveToStorage(\"entry\", btoa(JSON.stringify(allItems)));\n    listElements();\n}\n\nfunction removeEntry(c) {\n    if (!A) return;\n    let id = c.target.dataset.id,\n        mode = c.target.dataset.mode;\n    event.stopPropagation();\n    if (!A) return;\n    if (mode === \"restore\") {\n        activeElements.splice(findElement(activeElements, id)[1], 1);\n        saveToStorage(\"old\", btoa(JSON.stringify(activeElements)));\n        listElements();\n        return;\n    }\n    let foundItem, item, allItems = loadFromStorage(\"entry\") || decodeArray(0);\n    allItems && typeof allItems != \"object\" && (allItems = JSON.parse(atob(allItems)));\n    foundItem = findElement(allItems, id);\n    item = foundItem[0];\n    allItems.splice(foundItem[1], 1);\n    let removedItems = loadFromStorage(\"old\") ? JSON.parse(atob(loadFromStorage(\"old\"))) : [];\n    removedItems.push(item);\n    saveToStorage(\"old\", btoa(JSON.stringify(removedItems)));\n    saveToStorage(\"entry\", btoa(JSON.stringify(allItems)));\n    listElements(1);\n}\n\nfunction saveEntryFromForm(id) {\n    if (!A) return;\n    typeof id !== \"string\" && typeof id !== \"number\" && (id = null);\n    let newId,\n        container = document.getElementById(\"newItem\"),\n        children = document.querySelectorAll(\".item\"),\n        elements = document.querySelectorAll(\".element-id\"),\n        newElements = [...document.querySelectorAll(\".new-item\")],\n        props = {},\n        entry = JSON.parse(atob(loadFromStorage(\"entry\"))),\n        element = id ? findElement(entry, id) : null;\n    newElements.length && (elements = [...elements, ...newElements]);\n    each(children, a => props[a.dataset.id] = a.value);\n    props.registered = [];\n    elements[0].id || (newId = getFreeId());\n    each(elements, (el, counter) => {\n        props.registered[counter] || (props.registered[counter] = {});\n        let elementId = el.id || newId.toString();\n        ~elementId.indexOf(\"-\") && (elementId = elementId.split(\"-\")[0]);\n        elements.length > 1 && (elementId += \"-\" + counter);\n        const registeredElements = el.querySelectorAll(\".registered\");\n        props.registered[counter].id = elementId;\n        each(registeredElements, child => {props.registered[counter][child.dataset.id] = child.dataset.id === \"pw\" ? btoa(child.value) : child.value;});\n    });\n    id ? entry[element[1]] = props : entry.push(props);\n    entry = entry.sort((c, a) => c.name > a.name);\n    saveToStorage(\"entry\", btoa(JSON.stringify(entry)));\n    container.style.opacity = 0;\n    setTimeout(() => (cancel(), listElements(1)), 550);\n}\n\nfunction showAddForm() {\n    if (!A) return;\n    const container = document.getElementById(\"newItem\");\n    container.innerHTML = `\n        <div>\n            <form id=\"addform\" autocomplete=\"off\">\n                <div class=\"center\">\n                    <label for=\"name\">Anzeige-Name: </label>\n                    <input class=\"item\" type=\"text\" data-id=\"name\" /><br>\n                    <label for=\"platform\">Plattform (http://...): </label>\n                    <input class=\"item\" type=\"text\" data-id=\"platform\" /><br>\n                    <label for=\"info\">Info: </label>\n                    <input class=\"item\" type=\"text\" data-id=\"info\" />\n                    <div class=\"new-items\">${$addItemHtml}</div><br>\n                    <a class=\"add-item\">[+]</a><br><br>\n                    <input id=\"addOk\" type=\"button\" class=\"chb\" value=\"Neuen Eintrag übernehmen\" />\n                    <input id=\"addCancel\" type=\"button\" class=\"ccl\" value=\"Abbrechen\" />\n                </div>\n            </form>\n        </div>`;\n    document.getElementById(\"addOk\").onclick = saveEntryFromForm;\n    document.getElementById(\"addCancel\").onclick = cancel;\n    document.querySelector(\".add-item\").onclick = addItem;\n    document.querySelector(\".wrap\").classList.add(\"blur\");\n    intoView(container);\n    container.classList.remove(\"form-hidden\");\n    container.style.opacity = 1;\n}\n\nfunction showEditForm(a) {\n    if (!A) return;\n    let c = typeof a == \"object\" ? a.target.dataset.id : a;\n    event && event.stopPropagation();\n    let entry, container, element, html, rect;\n    c ? (\n        entry = JSON.parse(atob(loadFromStorage(\"entry\"))),\n        container = document.getElementById(\"newItem\"),\n        [element, index] = findElement(entry, c),\n        html = `\n            <div>\n                <form id=\"editform\">\n                    <center>\n                        <p>\n                            <label for=\"name\">Anzeige-Name: </label>\n                            <input class=\"item\" type=\"text\" data-id=\"name\" value=\"${element.name||\"\"}\"><br>\n                            <label for=\"platform\">Plattform (http://...): </label>\n                            <input class=\"item\" type=\"text\" data-id=\"platform\" value=\"${element.platform||\"\"}\"><br>\n                            <label for=\"info\">Info: </label>\n                            <input class=\"item\" type=\"text\" data-id=\"info\" value=\"${element.info||\"\"}\">\n                        </p>`,\n        each(element.registered, a => {\n            html += `\n                        <div><br>\n                        <div class=\"element-id\" id=\"${a.id}\">\n                            <label for=\"name\">Account: </label>\n                            <input class=\"registered\" type=\"text\" data-id=\"name\" value=\"${a.name||\"\"}\"><br>\n                            <label for=\"mail\">Email: </label>\n                            <input class=\"registered\" type=\"text\" data-id=\"mail\" value=\"${a.mail||\"\"}\"><br>\n                            <label for=\"user\">Benutzername: </label>\n                            <input class=\"registered\" type=\"text\" data-id=\"user\" value=\"${a.user||\"\"}\"><br>\n                            <label for=\"pw\">Passwort: </label>\n                            <input class=\"registered\" type=\"password\" data-id=\"pw\" value=\"${atob(a.pw)||\"\"}\">\n                            <span class=\"show\">(show)</span><br>\n                            <label for=\"key\">Registrierungs-Key: </label>\n                            <input class=\"registered\" type=\"text\" data-id=\"key\" value=\"${a.key||\"\"}\">\n                        </div>\n                        <a class=\"del-item\">[<span title=\"Diesen Eintrag entfernen\" style=\"color:#f63;font-weight:bold\">x</span>]</a>\n                        <br></div>`;\n        }),\n        html += `\n                        <div class=\"new-items\"></div>\n                        <a class=\"add-item\">[+]</a><br><br>\n                        <input id=\"editOk\" type=\"button\" class=\"cha\" value=\"Übernehmen\">\n                        <input id=\"editCancel\" type=\"button\" class=\"ccl\" value=\"Abbrechen\">\n                    </center>\n                </form>\n            </div>`,\n        container.innerHTML = html,\n        document.getElementById(\"editOk\").onclick = () => showEditForm(),\n        document.getElementById(\"editCancel\").onclick = cancel,\n        document.querySelector(\".add-item\").onclick = addItem,\n        each(document.querySelectorAll(\".del-item\"), e => e.onclick = removeItem),\n        each(document.querySelectorAll(\".show\"), a => a.onclick = () => toggle(\"pw\")),\n        document.querySelector(\".wrap\").classList.add(\"blur\"),\n        rect = container.getBoundingClientRect(),\n        rect.height > innerHeight && container.classList.replace(\"add\", \"add-big\"),\n        container.classList.remove(\"form-hidden\"),\n        container.style.opacity = 1,\n        intoView(container),\n        H1 = [...document.querySelectorAll(\"h1\")]\n    ) : (c = document.querySelector(\".element-id\").id) && saveEntryFromForm(c);\n}\n\nfunction cancel() {\n    let container = document.getElementById(\"newItem\");\n    container.style.opacity = 0;\n    setTimeout(function() {\n        container.classList.add(\"form-hidden\");\n        document.querySelector(\".wrap\").classList.remove(\"blur\");\n        container.classList.replace(\"add-big\", \"add\");\n        window.addform && addform.parentElement.remove();\n        window.editform && editform.parentElement.remove();\n        H1 = [...document.querySelectorAll(\"h1\")];\n    }, 550);\n}\n\nasync function exportJS() {\n    if (!A || !storage.entry) return;\n    const c = storage?.entry.split(\",\") || data();\n    let script = document.scripts[0].innerText;\n    if (!script) {\n        let e = await fetch(\"js/script.js\");\n        script = await e.text();\n    }\n    if (script) {\n        script = script.replace(/return \\[[\\d,\\s]+\\]$/mg, `return [${c.join(\", \")}];`);\n        download(\"script.js\", script, \"javascript\");\n    }\n}\n\nfunction exportData() {\n    const data = storage?.entry.split(\",\") || data();\n    download(\"data_array.txt\", `data-Array (${data.length})\\n\\n[${data.join(\",\")}]`, \"plain\");\n}\n\nfunction exportJSON() {\n    if (!A) return;\n    const c = storage.entry ? JSON.parse(atob(loadFromStorage(\"entry\"))) : {},\n        d = storage.old ? JSON.parse(atob(loadFromStorage(\"old\"))) : {},\n        e = JSON.stringify({entry: c, old: d}, null, \"  \");\n    download(\"ame.data.json\", e, \"json\");\n}\n\nfunction importJSON() {\n    let file = document.querySelector(\"input[type=file]\");\n    if (!file.files.length) return file.click(), file.addEventListener(\"change\", importJSON);\n    file = file.files[0];\n    const reader = new FileReader;\n    reader.readAsText(file);\n    reader.addEventListener(\"load\", function() {\n        if (confirm(\"Daten wirklich übernehmen? \\n\\nACHTUNG!\\nBereits vorhandene Daten sind dann verloren!\")) {\n            let {entry: a, old: d} = JSON.parse(reader.result);\n            saveToStorage(\"old\", btoa(JSON.stringify(d)));\n            saveToStorage(\"entry\", btoa(JSON.stringify(a)));\n            box.classList.add(\"smooth-out\");\n            setTimeout(() => {\n                box.innerHTML = \"\";\n                box.classList.remove(\"smooth-out\");\n                onload();\n            }, 800);\n        }\n    })\n}\n\nfunction download(name, content) {\n    let type = name.split(\".\").pop();\n    let a = document.createElement(\"a\");\n    a.download = name;\n    a.href = URL.createObjectURL(new Blob([content], {type: \"text/\" + type}));\n    a.click();\n    URL.revokeObjectURL(a.href);\n}\n\nfunction intoView(el) {\n    el.scrollIntoView({ behavior: \"smooth\", block: \"center\" });\n}\n\nfunction accessDenied() {\n    A = 0;\n    S = \"\";\n    hideAll();\n}\n\nfunction flash(el) {\n    oldEl && (oldEl.style.backgroundColor = \"\");\n    oldEl = el;\n    el.style = \"transition: background-color 250ms\";\n    let count = 0;\n    interval && clearInterval(interval);\n    interval = setInterval(() => {\n        el.style.backgroundColor = el.style.backgroundColor ? \"\" : \"#aaa\";\n        ++count === 4 && (\n            clearInterval(interval),\n            el.style.backgroundColor = \"\",\n            oldEl = null\n        );\n    }, 300);\n}\n\nfunction hideAll() {\n    each(document.querySelectorAll(\".w\"), a => a.textContent = Stars);\n    each(document.querySelectorAll(\".entry\"), a => a.classList.add(\"hidden\"));\n    document.getElementById(\"newItem\").classList.add(\"form-hidden\");\n    each(document.querySelectorAll(\".edit, H1, .w\"), a => (a.style.cursor = A ? \"pointer\" : \"default\", a.style.pointerEvents = A ? \"\" : \"none\"));\n    A || activeEl?.classList.remove(\"activeEl\");\n}\n\nfunction toggle(e) {\n    const element = event.target.parentElement.querySelector(\"[data-id=\" + e + \"]\");\n    element.type = element.type === \"text\" ? \"password\" : \"text\";\n}\n\nfunction toggleHidden(force = null) {\n    if (!A || !(this instanceof Element)) return;\n    activeEl?.classList.remove(\"activeEl\");\n    this.classList.add(\"activeEl\");\n    activeEl = this;\n    let el = this.id;\n    let c = document.querySelector(\"#div\" + el);\n    each(c.querySelectorAll(\".w\"), c => c.textContent = Stars);\n    activeElement && activeElement !== c && (\n        activeElement.classList.add(\"hidden\"),\n        each(activeElement.querySelectorAll(\".w\"), c => c.textContent = Stars)\n    );\n    let add = force === 1 ? \"add\" : force === 2 ? \"remove\" : \"toggle\";\n    c.classList[add](\"hidden\");\n    activeElement = c.classList.contains(\"hidden\") ? null : c;\n    intoView(this);\n}\n\nfunction showPw(c, force) {\n    A && (c.textContent = c.textContent === Stars ? atob(R[c.id]) : Stars, !force && each(c.parentElement.querySelectorAll(\".w\"), d => {\n        d !== c && (d.textContent = Stars);\n    }));\n}\n\nfunction hidePw(a) {\n    a.textContent = Stars;\n}\n\nfunction loadFromStorage(a) {\n    return storage[a] ? decodeArray(storage[a]) : false;\n}\n\nfunction saveToStorage(a, c) {\n    storage[a] = encodeArray(c);\n    return !!storage[a];\n}\n\nfunction removeFromStorage(a) {\n    if (!A) return;\n    return delete storage[a], !storage[a];\n}\n\nfunction findElement(elements, id) {\n    let result = [];\n    each (elements, (element, index) => !result.length && each(element.registered, el => el.id == id && (result = [elements[index], index])));\n    return result || undefined;\n}\n\nfunction getFreeId() {\n    const a = JSON.parse(atob(loadFromStorage(\"entry\"))), c = [];\n    let d = 0;\n    for (a.forEach(a => a.registered.forEach(a => c.push(`${a.id}`))); c.indexOf(`${d}`) > -1 || c.indexOf(`${d}-0`) > -1;) d++;\n    return d;\n}\n\nfunction decodeArray(a) {\n    if (a === null) return;\n    let b = a === 0 ? data().map(e => -e) : a.split(\",\").map(e => -e);\n    b = b.map(e => String.fromCharCode(~e)).join(\"\");\n    return b;\n}\n\nfunction encodeArray(c) {\n    let i = 0, d = [];\n    for (; i < c.length; i++) d.push(~c[i].charCodeAt(0));\n    return d.map(a => -a).join(\",\");\n}\n\nfunction data() {\n    return [88,52,116,106,99,110,71,117,91,84,74,55,74,108,71,116,99,68,67,67,90,110,58,50,101,68,67,69,98,89,75,107,101,88,109,49,100,122,74,116,74,111,67,116,90,89,83,110,99,52,75,117,74,107,112,106,98,73,83,49,100,73,78,55,77,122,58,52,101,52,100,118,90,88,121,116,90,88,75,119,101,89,83,107,98,89,75,107,101,88,109,49,100,122,54,107,99,51,49,106,77,68,75,122,91,88,101,113,100,52,83,109,100,110,87,108,74,107,113,99,102,122,75,113,91,68,74,55,78,123,74,116,74,110,50,105,98,88,120,106,80,106,75,117,90,88,54,50,91,88,120,118,100,72,87,116,102,110,87,122,82,73,109,105,98,72,58,119,77,110,83,109,74,106,120,106,101,89,79,109,100,106,74,55,74,108,50,105,99,111,87,109,99,71,67,109,98,68,74,116,74,111,67,52,74,107,112,106,88,87,101,72,98,110,71,73,87,111,87,91,87,52,105,123,88,87,101,76,101,110,83,90,86,110,113,105,88,70,113,114,91,71,101,116,78,72,79,55,83,85,70,106,103,87,50,58,77,73,116,106,99,110,71,117,91,84,74,55,74,108,71,117,90,89,113,119,99,106,74,116,74,111,67,116,90,89,83,110,99,52,75,117,74,107,112,106,98,73,83,49,100,69,112,119,77,51,71,117,90,89,113,119,99,106,54,108,91,84,74,116,74,110,109,118,91,110,57,106,80,106,74,106,77,68,75,122,91,88,101,113,100,52,83,109,100,110,87,108,74,107,113,99,102,122,75,113,91,68,74,55,74,107,82,117,78,68,74,116,74,110,54,105,99,88,86,106,80,106,75,79,90,88,54,50,91,88,120,106,77,68,75,117,90,88,109,116,74,107,112,106,99,88,71,118,101,88,87,116,77,111,67,109,99,73,113,109,100,108,67,54,90,88,105,119,99,122,54,108,91,84,74,116,74,111,87,123,91,89,74,106,80,106,75,117,90,88,54,50,91,88,120,118,100,72,87,116,102,110,87,122,82,73,109,105,98,72,58,119,77,110,83,109,74,106,120,106,100,73,100,106,80,106,75,91,87,49,91,114,90,86,101,88,101,87,109,89,78,88,105,109,99,85,109,50,85,87,83,87,81,84,74,116,74,110,117,109,102,84,74,55,74,106,75,58,77,73,116,106,98,88,82,106,80,106,74,49,77,85,70,106,77,68,75,118,90,88,50,109,74,107,112,106,82,51,121,105,101,88,83,113,90,84,74,116,74,110,50,105,98,88,120,106,80,106,75,123,90,51,105,116,90,88,54,111,91,88,71,107,82,73,109,105,98,72,58,119,77,110,83,109,74,106,120,106,101,89,79,109,100,106,74,55,74,111,79,107,98,72,121,105,99,110,101,109,90,88,79,66,102,88,71,112,99,51,57,118,91,72,86,106,77,68,75,120,101,122,74,55,74,109,113,73,99,73,83,91,88,70,71,53,85,50,83,107,79,84,74,116,74,110,117,109,102,84,74,55,74,106,75,58,77,73,116,106,98,88,82,106,80,106,74,49,77,85,74,106,77,68,75,118,90,88,50,109,74,107,112,106,83,111,75,105,99,110,116,106,77,68,75,117,90,88,109,116,74,107,112,106,100,111,83,120,77,110,91,122,90,88,54,115,77,111,79,107,98,73,87,116,102,108,67,111,99,88,71,113,99,68,54,107,99,51,49,106,77,68,75,50,100,51,87,122,74,107,112,106,100,111,83,120,77,110,91,122,90,88,54,115,77,111,79,107,98,73,87,116,102,108,67,111,99,88,71,113,99,68,54,107,99,51,49,106,77,68,75,120,101,122,74,55,74,109,113,73,83,111,109,106,83,50,91,116,90,110,113,71,102,86,50,70,83,85,49,106,77,68,75,115,91,89,108,106,80,106,74,106,103,87,50,58,77,73,116,106,99,110,71,117,91,84,74,55,74,108,71,50,101,72,58,108,91,89,79,115,74,70,87,105,91,51,121,109,74,106,120,106,100,72,121,105,101,72,91,119,100,110,49,106,80,106,75,112,101,73,83,120,100,123,112,119,77,49,71,107,90,51,58,50,99,111,83,123,77,110,71,50,101,72,58,108,91,89,79,115,77,110,79,119,99,84,74,116,74,111,75,109,91,51,109,123,101,72,87,122,91,88,82,106,80,109,117,56,74,110,109,108,74,107,112,121,78,84,120,106,99,88,71,113,99,68,74,55,74,110,50,105,99,111,87,109,99,68,54,120,91,88,121,55,91,89,75,66,102,88,71,112,99,51,57,118,91,72,86,106,77,68,75,50,100,51,87,122,74,107,112,106,99,88,71,118,101,88,87,116,77,111,67,109,99,73,113,109,100,108,67,54,90,88,105,119,99,122,54,108,91,84,74,116,74,111,67,52,74,107,112,106,88,87,101,72,98,110,71,73,87,111,87,84,87,49,91,118,90,108,101,87,102,70,54,83,81,85,49,106,103,87,50,58,77,73,116,106,99,110,71,117,91,84,74,55,74,108,75,105,98,72,53,106,77,68,75,120,99,72,71,49,91,110,58,122,99,84,74,55,74,110,105,49,101,73,67,123,80,106,57,119,91,110,71,112,100,110,117,105,100,111,83,109,99,106,54,106,90,88,105,118,77,110,83,109,74,106,120,106,100,110,87,111,98,89,79,49,91,89,75,109,91,68,74,55,88,52,116,106,98,88,82,106,80,107,86,122,77,68,75,50,100,51,87,122,74,107,112,106,99,88,71,118,101,88,87,116,77,111,67,109,99,73,113,109,100,108,67,54,90,88,105,119,99,122,54,108,91,84,74,116,74,111,67,52,74,107,112,106,88,87,101,72,98,110,71,73,87,111,87,91,99,86,91,119,90,110,113,71,78,84,75,58,89,89,49,116,102,122,75,118,90,88,50,109,74,107,112,106,82,110,91,123,77,86,105,110,74,106,120,106,100,72,121,105,101,72,91,119,100,110,49,106,80,106,75,112,101,73,83,120,100,123,112,119,77,52,75,109,90,51,105,118,101,88,54,111,77,110,75,110,100,122,50,112,91,106,54,108,91,84,74,116,74,111,75,109,91,51,109,123,101,72,87,122,91,88,82,106,80,109,117,56,74,110,109,108,74,107,112,121,79,84,120,106,101,89,79,109,100,106,74,55,74,107,86,117,78,69,90,50,78,123,108,117,78,107,108,123,78,123,82,54,79,107,104,106,77,68,75,120,101,122,74,55,74,109,71,55,88,89,105,84,98,109,90,51,74,111,50,101,103,84,121,56,74,110,54,105,99,88,86,106,80,106,75,68,98,89,83,116,102,84,74,116,74,111,67,116,90,89,83,110,99,52,75,117,74,107,112,106,98,73,83,49,100,73,78,55,77,122,58,106,98,89,83,116,102,84,54,107,99,51,49,106,77,68,75,122,91,88,101,113,100,52,83,109,100,110,87,108,74,107,113,99,102,122,75,113,91,68,74,55,80,68,120,106,99,88,71,113,99,68,74,55,74,110,50,105,99,111,87,109,99,68,54,120,91,88,121,55,91,89,74,118,78,85,108,52,79,108,67,111,99,88,71,113,99,68,54,107,99,51,49,106,77,68,75,50,100,51,87,122,74,107,112,106,99,88,71,118,101,88,87,116,77,111,67,109,99,73,113,109,100,106,53,121,80,85,100,51,82,72,101,117,90,88,109,116,77,110,79,119,99,84,74,116,74,111,67,52,74,107,112,106,88,87,101,72,98,110,71,73,87,111,87,91,99,88,120,120,90,108,105,115,102,70,54,83,81,85,49,106,103,87,50,58,77,73,116,106,99,110,71,117,91,84,74,55,74,108,75,113,101,72,121,54,74,106,120,106,100,72,121,105,101,72,91,119,100,110,49,106,80,106,75,112,101,73,83,120,100,123,112,119,77,51,71,120,100,68,54,106,98,89,83,116,102,84,54,107,99,51,49,106,77,68,75,122,91,88,101,113,100,52,83,109,100,110,87,108,74,107,113,99,102,122,75,113,91,68,74,55,80,84,120,106,99,88,71,113,99,68,74,55,74,110,50,105,99,111,87,109,99,68,54,120,91,88,121,55,91,89,75,66,102,88,71,112,99,51,57,118,91,72,86,106,77,68,75,50,100,51,87,122,74,107,112,106,99,88,71,118,101,88,87,116,77,111,67,109,99,73,113,109,100,108,67,54,90,88,105,119,99,122,54,108,91,84,74,116,74,111,67,52,74,107,112,106,88,87,101,72,98,110,71,73,87,111,87,91,99,88,120,120,90,108,105,115,102,70,54,83,81,85,49,106,103,87,50,58,77,73,116,106,99,110,71,117,91,84,74,55,74,108,79,119,91,72,87,120,91,88,53,106,77,68,75,120,99,72,71,49,91,110,58,122,99,84,74,55,74,110,105,49,101,73,67,123,80,106,57,119,90,51,58,108,91,89,67,109,99,106,54,113,99,122,74,116,74,111,75,109,91,51,109,123,101,72,87,122,91,88,82,106,80,109,117,56,74,110,109,108,74,107,112,52,77,68,75,118,90,88,50,109,74,107,112,106,82,51,58,108,91,89,67,109,99,106,74,116,74,110,50,105,98,88,120,106,80,106,75,117,90,88,54,50,91,88,120,118,100,72,87,116,102,110,87,122,82,73,109,105,98,72,58,119,77,110,83,109,74,106,120,106,101,89,79,109,100,106,74,55,74,110,50,105,99,111,87,109,99,68,54,120,91,88,121,55,91,89,75,66,102,88,71,112,99,51,57,118,91,72,86,106,77,68,75,120,101,122,74,55,74,109,109,89,83,110,113,105,83,50,91,50,88,85,74,54,98,50,113,90,82,110,121,106,98,108,86,121,74,111,50,101,103,84,121,56,74,110,54,105,99,88,86,106,80,106,75,69,99,51,54,122,90,88,82,106,77,68,75,120,99,72,71,49,91,110,58,122,99,84,74,55,74,110,105,49,101,73,67,123,80,106,57,119,101,52,101,52,77,110,79,119,99,111,75,105,91,68,54,108,91,84,74,116,74,111,75,109,91,51,109,123,101,72,87,122,91,88,82,106,80,109,117,56,74,110,109,108,74,107,112,49,80,68,120,106,101,89,79,109,100,106,74,55,74,110,50,105,99,111,87,109,99,68,54,120,91,88,121,55,91,89,75,66,102,88,71,112,99,51,57,118,91,72,86,106,77,68,75,120,101,122,74,55,74,109,109,89,83,110,113,105,83,50,91,50,86,85,74,54,101,88,79,117,83,110,117,75,87,71,86,58,74,111,50,101,103,84,121,56,74,110,54,105,99,88,86,106,80,106,75,70,83,70,54,85,74,106,120,106,100,72,121,105,101,72,91,119,100,110,49,106,80,106,75,112,101,73,83,120,100,123,112,119,77,51,50,105,99,111,87,109,99,73,67,109,98,68,54,108,91,72,54,123,77,110,54,109,101,68,74,116,74,111,75,109,91,51,109,123,101,72,87,122,91,88,82,106,80,109,117,56,74,110,109,108,74,107,112,122,79,106,120,106,99,88,71,113,99,68,74,55,74,110,50,105,99,111,87,109,99,68,54,120,91,88,121,55,91,89,75,66,102,88,71,112,99,51,57,118,91,72,86,106,77,68,75,50,100,51,87,122,74,107,112,106,85,88,71,118,101,88,87,116,74,106,120,106,100,73,100,106,80,106,75,91,87,49,91,114,90,86,101,88,101,87,113,118,84,111,67,106,78,50,74,51,85,87,83,87,81,84,75,58,89,89,49,116,102,122,75,118,90,88,50,109,74,107,112,106,83,70,105,78,74,106,120,106,100,72,121,105,101,72,91,119,100,110,49,106,80,106,75,112,101,73,83,120,100,123,112,119,77,52,101,52,101,122,54,120,90,88,117,109,101,68,54,108,91,84,74,116,74,111,75,109,91,51,109,123,101,72,87,122,91,88,82,106,80,109,117,56,74,110,109,108,74,107,112,49,79,84,120,106,101,89,79,109,100,106,74,55,74,110,50,105,99,111,87,109,99,68,54,120,91,88,121,55,91,89,75,66,102,88,71,112,99,51,57,118,91,72,86,106,77,68,75,120,101,122,74,55,74,109,109,89,83,110,113,105,83,50,91,50,86,108,87,112,85,86,50,86,87,85,49,106,103,87,50,58,77,73,116,106,99,110,71,117,91,84,74,55,74,108,83,74,85,68,74,116,74,111,67,116,90,89,83,110,99,52,75,117,74,107,112,106,98,73,83,49,100,73,78,55,77,122,58,52,101,52,100,118,91,72,105,116,77,110,83,109,74,106,120,106,100,110,87,111,98,89,79,49,91,89,75,109,91,68,74,55,88,52,116,106,98,88,82,106,80,107,82,51,77,68,75,50,100,51,87,122,74,107,112,106,99,88,71,118,101,88,87,116,77,111,67,109,99,73,113,109,100,108,67,54,90,88,105,119,99,122,54,108,91,84,74,116,74,111,67,52,74,107,112,106,88,87,101,72,98,110,71,73,87,111,87,84,83,88,105,79,85,87,83,87,81,84,75,58,89,89,49,116,102,122,75,118,90,88,50,109,74,107,112,106,83,71,109,80,91,72,54,123,100,122,74,116,74,111,67,116,90,89,83,110,99,52,75,117,74,107,112,106,98,73,83,49,100,73,78,55,77,122,58,108,102,88,54,108,99,111,79,123,77,110,54,109,101,68,74,116,74,111,75,109,91,51,109,123,101,72,87,122,91,88,82,106,80,109,117,56,74,110,109,108,74,107,112,122,79,122,120,106,99,88,71,113,99,68,74,55,74,110,50,105,99,111,87,109,99,68,54,120,91,88,121,55,91,89,75,66,102,88,71,112,99,51,57,118,91,72,86,106,77,68,75,50,100,51,87,122,74,107,112,106,85,88,71,118,101,88,87,116,86,72,87,112,74,106,120,106,100,73,100,106,80,106,75,91,87,49,91,114,90,86,101,88,101,87,113,74,99,73,87,98,82,85,49,58,74,111,50,101,103,84,121,56,74,110,54,105,99,88,86,106,80,106,75,70,99,51,78,104,85,88,58,122,100,110,109,123,74,106,120,106,100,72,121,105,101,72,91,119,100,110,49,106,80,106,75,112,101,73,83,120,100,123,112,119,77,52,101,52,101,122,54,108,99,51,79,117,99,52,75,122,98,89,78,118,91,72,86,106,77,68,75,122,91,88,101,113,100,52,83,109,100,110,87,108,74,107,113,99,102,122,75,113,91,68,74,55,78,85,90,116,74,110,50,105,98,88,120,106,80,106,75,117,90,88,54,50,91,88,120,118,100,72,87,116,102,110,87,122,82,73,109,105,98,72,58,119,77,110,83,109,74,106,120,106,101,89,79,109,100,106,74,55,74,108,50,105,99,111,87,109,99,71,67,109,98,68,74,116,74,111,67,52,74,107,112,106,88,87,101,72,98,110,71,73,87,111,87,98,83,123,109,114,90,109,100,54,102,88,79,117,99,73,113,79,87,71,86,58,74,111,50,101,103,84,121,56,74,110,54,105,99,88,86,106,80,106,75,71,90,110,71,54,74,106,120,106,100,72,121,105,101,72,91,119,100,110,49,106,80,106,75,112,101,73,83,120,100,123,112,119,77,52,101,52,101,122,54,109,90,110,71,54,77,110,83,109,74,106,120,106,100,110,87,111,98,89,79,49,91,89,75,109,91,68,74,55,88,52,116,106,98,88,82,106,80,107,78,53,77,68,75,50,100,51,87,122,74,107,112,106,99,88,71,118,101,88,87,116,77,111,67,109,99,73,113,109,100,108,67,54,90,88,105,119,99,122,54,108,91,84,74,116,74,111,67,52,74,107,112,106,88,87,101,72,98,110,71,73,87,111,87,84,87,49,113,112,91,87,83,71,78,84,75,58,89,89,49,116,102,122,75,118,90,88,50,109,74,107,112,106,83,88,87,52,91,88,74,106,77,68,75,120,99,72,71,49,91,110,58,122,99,84,74,55,74,110,105,49,101,73,67,123,80,106,57,119,101,52,101,52,77,110,87,109,101,51,87,106,77,110,79,119,99,84,74,116,74,111,75,109,91,51,109,123,101,72,87,122,91,88,82,106,80,109,117,56,74,110,109,108,74,107,112,49,78,106,120,106,101,89,79,109,100,106,74,55,74,108,50,105,99,111,87,109,99,71,67,109,98,68,74,116,74,111,67,52,74,107,112,106,88,87,101,72,98,110,71,73,87,111,87,98,87,50,90,123,88,109,101,75,102,70,54,83,81,85,49,106,103,87,50,58,77,73,116,106,99,110,71,117,91,84,74,55,74,108,87,116,91,88,117,107,98,88,100,106,77,68,75,120,99,72,71,49,91,110,58,122,99,84,74,55,74,110,105,49,101,73,67,123,80,106,57,119,101,52,101,52,77,110,87,116,91,88,117,107,98,88,100,118,91,72,86,106,77,68,75,122,91,88,101,113,100,52,83,109,100,110,87,108,74,107,113,99,102,122,75,113,91,68,74,55,78,123,78,116,74,111,87,123,91,89,74,106,80,106,75,117,90,88,54,50,91,88,120,118,100,72,87,116,102,110,87,122,82,73,109,105,98,72,58,119,77,110,83,109,74,106,120,106,100,73,100,106,80,106,75,91,87,49,91,114,90,86,101,88,101,87,113,89,102,72,121,105,78,108,54,120,88,111,113,71,78,84,75,58,89,89,49,116,102,122,75,118,90,88,50,109,74,107,112,106,83,88,121,109,98,52,83,119,100,106,74,116,74,111,67,116,90,89,83,110,99,52,75,117,74,107,112,106,98,73,83,49,100,73,78,55,77,122,58,52,101,52,100,118,91,88,121,109,98,52,83,119,100,106,54,108,91,84,74,116,74,111,75,109,91,51,109,123,101,72,87,122,91,88,82,106,80,109,117,56,74,110,109,108,74,107,112,50,80,84,120,106,101,89,79,109,100,106,74,55,74,110,50,105,99,111,87,109,99,68,54,120,91,88,121,55,91,89,75,66,102,88,71,112,99,51,57,118,91,72,86,106,77,68,75,120,101,122,74,55,74,109,109,89,83,110,113,105,83,50,91,50,88,109,101,53,99,72,70,123,86,111,91,107,98,108,86,121,74,111,50,101,103,84,121,56,74,110,54,105,99,88,86,106,80,106,75,71,100,72,109,107,74,70,101,105,99,88,87,123,74,106,120,106,100,72,121,105,101,72,91,119,100,110,49,106,80,106,75,112,101,73,83,120,100,123,112,119,77,52,79,49,99,52,75,109,77,110,87,120,98,88,79,111,90,88,50,109,100,122,54,107,99,51,49,119,91,72,86,119,74,106,120,106,98,88,54,110,99,122,74,55,74,106,74,116,74,111,75,109,91,51,109,123,101,72,87,122,91,88,82,106,80,109,117,56,74,110,109,108,74,107,112,106,78,85,104,106,77,68,75,118,90,88,50,109,74,107,112,106,84,72,71,52,91,73,75,105,74,106,120,106,91,88,50,105,98,88,120,106,80,106,75,117,90,88,54,50,91,88,120,118,100,72,87,116,102,110,87,122,77,107,70,54,79,123,91,66,91,51,50,105,98,88,120,118,90,51,58,117,74,106,120,106,101,89,79,109,100,106,74,55,74,108,105,105,101,51,83,122,90,84,74,116,74,111,67,52,74,107,112,106,88,87,101,72,98,110,71,73,87,111,87,98,88,70,75,120,88,89,113,71,78,84,74,116,74,110,117,109,102,84,74,55,74,106,75,58,89,89,49,116,102,122,75,118,90,88,50,109,74,107,112,106,83,110,71,107,91,88,75,119,99,51,116,106,77,68,75,120,99,72,71,49,91,110,58,122,99,84,74,55,74,110,105,49,101,73,67,123,80,106,57,119,91,72,86,117,91,72,86,118,91,110,71,107,91,88,75,119,99,51,116,118,90,51,58,117,74,106,120,106,100,110,87,111,98,89,79,49,91,89,75,109,91,68,74,55,88,52,116,106,98,88,82,106,80,107,78,120,77,68,75,50,100,51,87,122,74,107,112,106,99,88,71,118,101,88,87,116,77,111,67,109,99,73,113,109,100,108,67,54,90,88,105,119,99,122,54,108,91,84,74,116,74,111,67,52,74,107,112,106,88,87,101,72,98,110,71,73,87,111,87,98,99,86,91,114,88,109,101,76,101,110,74,122,100,52,105,80,86,85,49,58,74,111,50,101,103,84,121,56,74,110,54,105,99,88,86,106,80,106,75,72,98,89,75,109,91,110,58,53,74,106,120,106,100,72,121,105,101,72,91,119,100,110,49,106,80,106,75,112,101,73,83,120,100,123,112,119,77,51,71,107,90,51,58,50,99,111,83,123,77,110,91,113,100,110,87,110,99,52,104,118,90,51,58,117,74,106,120,106,100,110,87,111,98,89,79,49,91,89,75,109,91,68,74,55,88,52,116,106,98,88,82,106,80,107,86,116,74,110,54,105,99,88,86,106,80,106,75,72,98,89,75,109,91,110,58,53,74,106,120,106,99,88,71,113,99,68,74,55,74,110,50,105,99,111,87,109,99,68,54,120,91,88,121,55,91,89,75,66,102,88,71,112,99,51,57,118,91,72,86,106,77,68,75,50,100,51,87,122,74,107,112,106,99,88,71,118,101,88,87,116,77,111,67,109,99,73,113,109,100,108,67,54,90,88,105,119,99,122,54,108,91,84,74,116,74,111,67,52,74,107,112,106,88,87,101,72,98,110,71,73,87,111,87,98,99,88,121,54,88,109,101,98,101,110,87,70,83,85,70,106,103,87,50,58,77,73,116,106,99,110,71,117,91,84,74,55,74,108,101,113,101,72,105,50,90,106,74,116,74,111,67,116,90,89,83,110,99,52,75,117,74,107,112,106,98,73,83,49,100,73,78,55,77,122,58,111,98,89,83,112,101,88,74,118,90,51,58,117,74,106,120,106,100,110,87,111,98,89,79,49,91,89,75,109,91,68,74,55,88,52,116,106,98,88,82,106,80,107,90,116,74,110,54,105,99,88,86,106,80,106,75,73,98,89,83,112,101,88,74,106,77,68,75,50,100,51,87,122,74,107,112,106,85,88,71,118,101,88,87,116,86,72,87,112,79,123,90,106,77,68,75,117,90,88,109,116,74,107,112,106,99,88,71,118,101,88,87,116,77,111,67,109,99,73,113,109,100,108,67,54,90,88,105,119,99,122,54,108,91,84,74,116,74,111,67,52,74,107,112,106,88,87,101,72,98,110,71,73,87,111,87,98,78,110,120,120,90,86,105,88,98,86,50,86,87,85,49,106,103,87,50,58,77,73,116,106,99,110,71,117,91,84,74,55,74,108,101,119,99,51,101,116,91,84,74,116,74,111,67,116,90,89,83,110,99,52,75,117,74,107,112,106,98,73,83,49,100,73,78,55,77,122,58,67,90,51,79,119,101,88,54,49,100,122,54,111,99,51,58,111,99,72,86,118,90,51,58,117,74,106,120,106,100,110,87,111,98,89,79,49,91,89,75,109,91,68,74,55,88,52,116,106,98,88,82,106,80,107,78,51,77,68,75,50,100,51,87,122,74,107,112,106,99,88,71,118,101,88,87,116,77,111,67,109,99,73,113,109,100,106,53,121,80,85,100,51,82,72,101,117,90,88,109,116,77,110,79,119,99,84,74,116,74,111,67,52,74,107,112,106,86,86,101,72,98,110,71,73,87,111,87,98,102,108,71,52,88,107,75,53,99,70,50,86,87,85,49,106,103,87,50,58,77,73,116,106,99,110,71,117,91,84,74,55,74,108,101,119,99,51,101,116,91,84,67,79,90,88,109,116,74,106,120,106,100,72,121,105,101,72,91,119,100,110,49,106,80,106,75,112,101,73,83,120,100,123,112,119,77,49,71,107,90,51,58,50,99,111,83,123,77,110,101,119,99,51,101,116,91,84,54,107,99,51,49,106,77,68,75,122,91,88,101,113,100,52,83,109,100,110,87,108,74,107,113,99,102,122,75,113,91,68,74,55,78,123,100,116,74,111,87,123,91,89,74,106,80,106,75,117,90,88,54,50,91,88,120,118,100,72,87,116,102,110,87,122,77,107,70,54,79,123,91,66,91,51,50,105,98,88,120,118,90,51,58,117,74,106,120,106,100,73,100,106,80,106,75,83,83,49,91,114,90,86,101,88,101,87,113,55,82,89,101,98,78,111,105,116,85,87,83,87,81,84,75,58,89,89,49,116,102,122,75,118,90,88,50,109,74,107,112,106,83,52,87,49,91,86,91,122,90,88,101,109,77,110,54,109,101,68,74,116,74,111,67,116,90,89,83,110,99,52,75,117,74,107,112,106,98,73,83,49,100,73,78,55,77,122,58,52,101,52,100,118,91,52,87,49,91,88,91,122,90,88,101,109,77,110,54,109,101,68,74,116,74,111,75,109,91,51,109,123,101,72,87,122,91,88,82,106,80,109,117,56,74,110,109,108,74,107,112,122,78,106,120,106,99,88,71,113,99,68,74,55,74,110,50,105,99,111,87,109,99,68,54,120,91,88,121,55,91,89,75,66,102,88,71,112,99,51,57,118,91,72,86,106,77,68,75,50,100,51,87,122,74,107,112,106,85,88,71,118,101,88,87,116,86,72,87,112,74,106,120,106,100,73,100,106,80,106,75,91,87,49,91,114,90,86,101,88,101,87,112,123,87,107,67,98,87,50,113,54,88,87,101,108,99,70,50,86,87,85,49,106,103,87,50,58,77,73,116,106,99,110,71,117,91,84,74,55,74,108,105,109,100,110,50,109,100,122,74,116,74,111,67,116,90,89,83,110,99,52,75,117,74,107,112,106,98,73,83,49,100,73,78,55,77,122,58,52,101,52,100,118,99,89,109,112,91,89,75,117,91,89,78,118,91,72,86,106,77,68,75,122,91,88,101,113,100,52,83,109,100,110,87,108,74,107,113,99,102,122,75,113,91,68,74,55,79,69,70,116,74,111,87,123,91,89,74,106,80,106,75,79,90,88,54,50,91,88,121,82,91,88,104,106,77,68,75,120,101,122,74,55,74,109,109,89,83,110,113,105,83,50,91,50,90,86,101,88,102,88,75,89,87,111,113,79,87,71,86,58,74,111,50,101,103,84,121,56,74,110,54,105,99,88,86,106,80,106,75,75,99,111,79,49,90,88,101,122,90,88,49,106,77,68,75,120,99,72,71,49,91,110,58,122,99,84,74,55,74,110,105,49,101,73,67,123,80,106,57,119,101,52,101,52,77,110,109,118,100,52,83,105,91,52,75,105,99,84,54,107,99,51,49,106,77,68,75,122,91,88,101,113,100,52,83,109,100,110,87,108,74,107,113,99,102,122,75,113,91,68,74,55,79,107,66,116,74,110,50,105,98,88,120,106,80,106,75,117,90,88,54,50,91,88,120,118,100,72,87,116,102,110,87,122,82,73,109,105,98,72,58,119,77,110,83,109,74,106,120,106,101,89,79,109,100,106,74,55,74,108,50,105,99,111,87,109,99,71,67,109,98,68,74,116,74,111,67,52,74,107,112,106,88,87,101,72,98,110,71,73,87,111,87,105,87,123,87,55,91,70,101,72,99,110,79,117,83,111,83,79,87,71,86,58,74,111,50,101,103,84,121,56,74,110,54,105,99,88,86,106,80,106,75,76,86,122,67,72,98,88,83,108,99,72,86,106,77,68,75,120,99,72,71,49,91,110,58,122,99,84,74,55,74,110,105,49,101,73,67,123,80,106,57,119,98,111,79,110,98,88,83,108,99,72,86,118,99,110,87,49,74,106,120,106,100,110,87,111,98,89,79,49,91,89,75,109,91,68,74,55,88,52,116,106,98,88,82,106,80,107,90,123,77,68,75,50,100,51,87,122,74,107,112,106,99,88,71,118,101,88,87,116,77,111,67,109,99,73,113,109,100,108,67,54,90,88,105,119,99,122,54,108,91,84,74,116,74,111,67,52,74,107,112,106,88,87,101,72,98,110,71,73,87,111,87,105,99,108,54,117,90,87,101,84,98,51,75,73,87,89,105,80,86,85,49,58,74,111,50,101,103,84,121,56,74,110,54,105,99,88,86,106,80,106,75,76,98,88,50,108,99,122,74,116,74,111,67,116,90,89,83,110,99,52,75,117,74,107,112,106,98,73,83,49,100,73,78,55,77,122,58,105,90,51,79,119,101,88,54,49,77,110,86,118,98,110,109,117,91,72,57,118,90,51,58,117,74,106,120,106,100,110,87,111,98,89,79,49,91,89,75,109,91,68,74,55,88,52,116,106,98,88,82,106,80,107,74,123,77,68,75,117,90,88,109,116,74,107,112,106,99,88,71,118,101,88,87,116,77,111,67,109,99,73,113,109,100,108,67,54,90,88,105,119,99,122,54,108,91,84,74,116,74,111,87,123,91,89,74,106,80,106,75,117,90,88,54,50,91,88,120,118,100,72,87,116,102,110,87,122,82,73,109,105,98,72,58,119,77,110,83,109,74,106,120,106,100,73,100,106,80,106,75,85,78,108,91,122,90,87,83,83,102,70,50,55,85,85,67,106,99,87,90,120,91,70,101,88,78,71,109,89,101,52,86,106,103,87,50,58,77,73,116,106,99,110,71,117,91,84,74,55,74,108,121,109,99,88,58,118,102,88,91,50,99,106,74,116,74,111,67,116,90,89,83,110,99,52,75,117,74,107,112,106,98,73,83,49,100,73,78,55,77,122,58,52,101,52,100,118,99,72,87,117,99,51,54,54,91,111,87,118,77,110,79,119,99,84,74,116,74,111,75,109,91,51,109,123,101,72,87,122,91,88,82,106,80,109,117,56,74,110,109,108,74,107,112,50,79,106,120,106,101,89,79,109,100,106,74,55,74,110,50,105,99,111,87,109,99,68,54,120,91,88,121,55,91,89,75,66,102,88,71,112,99,51,57,118,91,72,86,106,77,68,75,120,101,122,74,55,74,109,109,89,83,110,113,105,83,50,91,50,90,108,101,88,101,72,74,122,79,85,87,98,99,109,91,50,85,87,83,87,81,84,75,58,89,89,49,116,102,122,75,118,90,88,50,109,74,107,112,106,85,72,109,108,99,68,74,116,74,111,67,116,90,89,83,110,99,52,75,117,74,107,112,106,98,73,83,49,100,73,78,55,77,122,58,52,101,52,100,118,99,72,109,108,99,68,54,108,91,84,74,116,74,111,75,109,91,51,109,123,101,72,87,122,91,88,82,106,80,109,117,56,74,110,109,108,74,107,112,51,78,106,120,106,101,89,79,109,100,106,74,55,74,110,50,105,99,111,87,109,99,68,54,120,91,88,121,55,91,89,75,66,102,88,71,112,99,51,57,118,91,72,86,106,77,68,75,120,101,122,74,55,74,109,109,89,83,110,113,105,83,50,91,50,90,108,101,116,98,51,75,70,83,85,70,106,103,87,50,58,77,73,116,106,99,110,71,117,91,84,74,55,74,108,50,105,99,110,109,105,100,72,121,105,99,110,87,49,74,106,120,106,100,72,121,105,101,72,91,119,100,110,49,106,80,106,75,112,101,73,83,120,80,106,57,119,99,88,71,118,98,88,71,120,99,72,71,118,91,89,82,118,90,51,58,117,74,106,120,106,98,88,54,110,99,122,74,55,74,106,74,116,74,111,75,109,91,51,109,123,101,72,87,122,91,88,82,106,80,109,117,56,74,110,109,108,74,107,112,106,78,122,49,120,74,106,120,106,99,110,71,117,91,84,74,55,74,108,50,105,99,110,109,105,100,72,121,105,99,110,87,49,74,70,71,107,90,51,58,50,99,111,82,106,77,68,75,117,90,88,109,116,74,107,112,106,99,88,71,118,101,88,87,116,77,111,67,109,99,73,113,109,100,108,67,54,90,88,105,119,99,122,54,108,91,84,74,116,74,111,87,123,91,89,74,106,80,106,75,103,85,88,71,118,101,88,87,116,89,50,67,109,98,71,57,104,76,70,105,105,101,51,83,122,90,84,108,106,77,68,75,120,101,122,74,55,74,109,108,120,85,85,67,78,87,71,113,51,87,108,87,116,78,70,54,52,81,85,49,106,77,68,75,115,91,89,108,106,80,106,74,106,103,84,121,56,74,110,109,108,74,107,112,106,79,68,49,121,74,106,120,106,99,110,71,117,91,84,74,55,74,108,50,105,99,110,109,105,100,72,121,105,99,110,87,49,74,70,71,107,90,51,58,50,99,111,82,106,77,68,75,117,90,88,109,116,74,107,112,106,99,88,71,118,101,88,87,116,77,111,67,109,99,73,113,109,100,108,67,54,90,88,105,119,99,122,54,108,91,84,74,116,74,111,87,123,91,89,74,106,80,106,75,79,90,88,54,50,91,88,121,82,91,88,104,106,77,68,75,120,101,122,74,55,74,108,54,115,88,108,101,87,99,70,75,98,91,86,105,116,87,72,83,52,81,85,49,106,77,68,75,115,91,89,108,106,80,106,74,106,103,87,50,58,77,73,116,106,99,110,71,117,91,84,74,55,74,108,50,109,91,72,109,105,90,111,87,118,101,68,74,116,74,111,67,116,90,89,83,110,99,52,75,117,74,107,112,106,98,73,83,49,100,73,78,55,77,122,58,117,91,88,83,113,90,88,75,50,99,111,82,118,90,51,58,117,74,106,120,106,100,110,87,111,98,89,79,49,91,89,75,109,91,68,74,55,88,52,116,106,98,88,82,106,80,107,82,52,77,68,75,50,100,51,87,122,74,107,112,106,99,88,71,118,101,88,87,116,77,111,67,109,99,73,113,109,100,108,67,54,90,88,105,119,99,122,54,108,91,84,74,116,74,111,67,52,74,107,112,106,88,87,101,72,98,110,71,73,87,111,87,106,87,50,91,115,90,87,101,72,98,88,83,89,79,85,67,79,87,71,86,58,74,111,50,101,103,84,121,56,74,110,54,105,99,88,86,106,80,106,75,79,98,88,79,122,99,52,79,119,91,111,82,117,84,51,58,118,101,72,57,106,77,68,75,120,99,72,71,49,91,110,58,122,99,84,74,55,74,106,74,116,74,110,109,118,91,110,57,106,80,106,74,106,77,68,75,122,91,88,101,113,100,52,83,109,100,110,87,108,74,107,113,99,102,122,75,113,91,68,74,55,74,107,70,54,74,106,120,106,99,110,71,117,91,84,74,55,74,106,74,116,74,110,87,117,90,88,109,116,74,107,112,106,74,106,120,106,101,89,79,109,100,106,74,55,74,110,50,105,99,111,87,109,99,68,54,120,91,88,121,55,91,89,75,66,102,88,71,112,99,51,57,118,91,72,86,106,77,68,75,120,101,122,74,55,74,109,109,89,83,110,113,105,83,50,91,50,87,71,101,116,98,110,79,117,80,89,113,106,78,109,112,120,85,87,83,87,81,84,74,116,74,110,117,109,102,84,74,55,74,106,75,58,89,89,49,116,102,122,75,118,90,88,50,109,74,107,112,106,85,88,58,123,91,110,87,49,74,70,117,113,99,72,121,109,100,106,74,116,74,111,67,116,90,89,83,110,99,52,75,117,74,107,112,106,98,73,83,49,100,73,78,55,77,122,58,110,99,52,75,50,99,84,54,117,99,52,79,110,91,89,83,115,98,88,121,116,91,89,74,118,91,72,86,106,77,68,75,122,91,88,101,113,100,52,83,109,100,110,87,108,74,107,113,99,102,122,75,113,91,68,74,55,79,69,66,116,74,110,50,105,98,88,120,106,80,106,75,117,90,88,54,50,91,88,120,118,100,72,87,116,102,110,87,122,82,73,109,105,98,72,58,119,77,110,83,109,74,106,120,106,101,89,79,109,100,106,74,55,74,108,50,105,99,111,87,109,99,71,67,109,98,68,74,116,74,111,67,52,74,107,112,106,88,87,101,72,98,110,71,73,87,111,87,106,87,123,109,55,88,110,50,88,78,72,70,122,99,73,79,106,83,50,91,54,85,87,83,87,81,84,75,58,89,89,49,116,102,122,75,118,90,88,50,109,74,107,112,106,85,89,108,104,83,88,121,113,100,89,87,113,91,68,74,116,74,111,67,116,90,89,83,110,99,52,75,117,74,107,112,106,98,73,83,49,100,73,78,55,77,122,58,52,101,52,100,118,99,89,108,117,91,88,121,113,100,89,87,113,91,68,54,108,91,84,74,116,74,111,75,109,91,51,109,123,101,72,87,122,91,88,82,106,80,109,117,56,74,110,109,108,74,107,112,50,80,68,120,106,101,89,79,109,100,106,74,55,74,110,50,105,99,111,87,109,99,68,54,120,91,88,121,55,91,89,75,66,102,88,71,112,99,51,57,118,91,72,86,106,77,68,75,120,101,122,74,55,74,109,109,89,83,110,113,105,83,50,91,50,90,109,105,115,101,71,113,89,102,73,67,107,88,71,91,120,88,108,83,71,78,84,75,58,89,89,49,116,102,122,75,118,90,88,50,109,74,107,112,106,85,89,109,86,99,52,109,123,74,106,120,106,100,72,121,105,101,72,91,119,100,110,49,106,80,106,75,112,101,73,83,120,100,123,112,119,77,51,50,54,101,72,58,54,100,122,54,108,91,84,74,116,74,111,75,109,91,51,109,123,101,72,87,122,91,88,82,106,80,109,117,56,74,110,109,108,74,107,112,49,78,122,120,106,101,89,79,109,100,106,74,55,74,110,50,105,99,111,87,109,99,68,54,120,91,88,121,55,91,89,75,66,102,88,71,112,99,51,57,118,91,72,86,106,77,68,75,120,101,122,74,55,74,109,109,89,83,110,113,105,83,50,91,50,90,109,105,116,78,72,74,123,99,73,113,79,87,71,86,58,74,111,50,101,103,84,121,56,74,110,54,105,99,88,86,106,80,106,75,80,98,88,54,49,91,88,54,108,99,122,74,116,74,111,67,116,90,89,83,110,99,52,75,117,74,107,112,106,98,73,83,49,100,73,78,55,77,122,58,67,90,51,79,119,101,88,54,49,100,122,54,118,98,88,54,49,91,88,54,108,99,122,54,107,99,51,49,106,77,68,75,122,91,88,101,113,100,52,83,109,100,110,87,108,74,107,113,99,102,122,75,113,91,68,74,55,78,85,78,116,74,110,50,105,98,88,120,106,80,106,75,117,90,88,54,50,91,88,120,118,100,72,87,116,102,110,87,122,77,107,70,54,79,123,91,66,91,51,50,105,98,88,120,118,90,51,58,117,74,106,120,106,101,89,79,109,100,106,74,55,74,110,50,105,99,111,87,109,99,68,54,120,91,88,121,55,91,89,74,118,78,85,108,52,79,108,67,111,99,88,71,113,99,68,54,107,99,51,49,106,77,68,75,120,101,122,74,55,74,109,109,89,83,110,113,105,83,50,91,50,90,109,101,72,102,88,71,89,80,73,105,80,86,85,49,58,74,111,50,101,103,84,121,56,74,110,54,105,99,88,86,106,80,106,75,80,99,49,79,105,98,51,86,106,77,68,75,120,99,72,71,49,91,110,58,122,99,84,74,55,74,110,105,49,101,73,67,123,80,106,57,119,101,52,101,52,77,110,54,119,90,51,71,115,91,84,54,108,91,84,74,116,74,111,75,109,91,51,109,123,101,72,87,122,91,88,82,106,80,109,117,56,74,110,109,108,74,107,112,123,78,84,120,106,101,89,79,109,100,106,74,55,74,110,121,109,90,110,109,109,99,108,67,105,100,110,79,119,100,106,54,108,91,84,74,116,74,111,67,52,74,107,112,106,86,87,101,72,98,110,71,73,87,111,87,79,87,71,86,58,74,111,50,101,103,84,121,56,74,110,54,105,99,88,86,106,80,106,75,80,99,49,109,82,74,106,120,106,100,72,121,105,101,72,91,119,100,110,49,106,80,106,75,112,101,73,83,120,100,123,112,119,77,52,101,52,101,122,54,118,99,51,109,120,77,110,79,119,99,84,74,116,74,111,75,109,91,51,109,123,101,72,87,122,91,88,82,106,80,109,117,56,74,110,109,108,74,107,112,122,80,68,120,106,101,89,79,109,100,106,74,55,74,110,50,105,99,111,87,109,99,68,54,120,91,88,121,55,91,89,75,66,102,88,71,112,99,51,57,118,91,72,86,106,77,68,75,120,101,122,74,55,74,109,109,89,83,110,113,105,83,50,91,50,90,110,49,54,100,72,79,70,83,85,70,106,103,87,50,58,77,73,116,106,99,110,71,117,91,84,74,55,74,108,58,49,101,72,57,106,77,68,75,120,99,72,71,49,91,110,58,122,99,84,74,55,74,110,105,49,101,73,67,123,80,106,57,119,101,52,101,52,77,110,58,49,101,72,57,118,91,72,86,106,77,68,75,122,91,88,101,113,100,52,83,109,100,110,87,108,74,107,113,99,102,122,75,113,91,68,74,55,79,85,100,116,74,111,87,123,91,89,74,106,80,106,75,117,90,88,54,50,91,88,120,118,100,72,87,116,102,110,87,122,82,73,109,105,98,72,58,119,77,110,83,109,74,106,120,106,100,73,100,106,80,106,75,91,87,49,91,114,90,86,101,88,101,86,50,86,87,85,49,106,103,87,50,58,77,73,116,106,99,110,71,117,91,84,74,55,74,109,67,105,102,88,75,105,90,51,116,106,77,68,75,120,99,72,71,49,91,110,58,122,99,84,74,55,74,110,105,49,101,73,67,123,80,106,57,119,101,52,101,52,77,111,67,105,102,88,75,105,90,51,116,118,91,72,86,106,77,68,75,122,91,88,101,113,100,52,83,109,100,110,87,108,74,107,113,99,102,122,75,113,91,68,74,55,78,107,86,116,74,110,50,105,98,88,120,106,80,106,75,117,90,88,54,50,91,88,120,118,100,72,87,116,102,110,87,122,82,73,109,105,98,72,58,119,77,110,83,109,74,106,120,106,101,89,79,109,100,106,74,55,74,110,50,105,99,111,87,109,99,68,54,120,91,88,121,55,91,89,75,66,102,88,71,112,99,51,57,118,91,72,86,106,77,68,75,120,101,122,74,55,74,109,109,89,83,110,113,105,83,50,91,50,90,49,101,72,79,87,109,117,83,110,113,105,102,108,86,121,74,111,50,101,103,84,121,56,74,110,54,105,99,88,86,106,80,106,75,82,90,89,109,120,90,88,120,106,77,68,75,120,99,72,71,49,91,110,58,122,99,84,74,55,74,110,105,49,101,73,67,123,80,106,57,119,101,52,101,52,77,111,67,105,102,89,67,105,99,68,54,107,99,51,49,106,77,68,75,122,91,88,101,113,100,52,83,109,100,110,87,108,74,107,113,99,102,122,75,113,91,68,74,55,78,123,82,116,74,111,87,123,91,89,74,106,80,106,75,117,90,88,54,50,91,88,120,118,100,72,87,116,102,110,87,122,82,73,109,105,98,72,58,119,77,110,83,109,74,106,120,106,100,73,100,106,80,106,75,91,87,49,91,114,90,86,101,88,101,88,79,73,83,107,87,107,83,49,91,123,85,87,83,87,81,84,75,58,89,89,49,116,102,122,75,118,90,88,50,109,74,107,112,106,86,72,121,109,102,68,74,116,74,111,67,116,90,89,83,110,99,52,75,117,74,107,112,106,98,73,83,49,100,73,78,55,77,122,58,120,99,72,87,53,77,111,83,51,74,106,120,106,100,110,87,111,98,89,79,49,91,89,75,109,91,68,74,55,88,52,116,106,98,88,82,106,80,107,90,121,77,68,75,50,100,51,87,122,74,107,112,106,85,88,71,118,101,88,87,116,86,72,87,112,77,107,70,54,79,123,90,106,77,68,75,120,101,122,74,55,74,109,109,89,83,110,113,105,83,50,91,50,90,49,101,53,99,72,87,70,83,85,70,106,103,87,50,58,77,73,116,106,99,110,71,117,91,84,74,55,74,109,67,119,99,72,121,113,99,106,74,116,74,111,67,116,90,89,83,110,99,52,75,117,74,107,112,106,98,73,83,49,100,73,78,55,77,122,58,52,101,52,100,118,100,72,58,116,99,72,109,118,77,110,83,109,74,106,120,106,100,110,87,111,98,89,79,49,91,89,75,109,91,68,74,55,88,52,116,106,98,88,82,106,80,107,86,120,77,68,75,50,100,51,87,122,74,107,112,106,99,88,71,118,101,88,87,116,77,111,67,109,99,73,113,109,100,108,67,54,90,88,105,119,99,122,54,108,91,84,74,116,74,111,67,52,74,107,112,106,86,86,101,72,98,110,71,73,87,111,87,107,83,123,109,123,90,108,101,116,101,86,50,86,87,85,49,106,103,87,50,58,77,73,116,106,99,110,71,117,91,84,74,55,74,109,67,54,101,89,74,106,77,68,75,120,99,72,71,49,91,110,58,122,99,84,74,55,74,110,105,49,101,73,67,123,80,106,57,119,99,88,87,113,99,106,54,120,102,89,87,122,77,110,79,119,99,84,74,116,74,111,75,109,91,51,109,123,101,72,87,122,91,88,82,106,80,109,117,56,74,110,109,108,74,107,112,121,79,122,120,106,101,89,79,109,100,106,74,55,74,110,70,121,78,85,66,121,78,107,86,50,79,123,74,121,78,123,74,50,74,106,120,106,100,73,100,106,80,106,75,79,87,71,109,52,85,110,113,67,78,106,75,58,89,89,49,116,102,122,75,118,90,88,50,109,74,107,112,106,86,110,87,113,90,51,105,109,99,73,82,106,77,68,75,120,99,72,71,49,91,110,58,122,99,84,74,55,74,110,105,49,101,73,67,123,80,106,57,119,100,51,87,107,101,89,75,109,77,111,75,109,98,88,79,112,91,88,121,49,77,110,83,109,74,106,120,106,100,110,87,111,98,89,79,49,91,89,75,109,91,68,74,55,88,52,116,106,98,88,82,106,80,107,74,49,77,68,75,117,90,88,109,116,74,107,112,106,99,88,71,118,101,88,87,116,77,111,67,109,99,73,113,109,100,108,67,54,90,88,105,119,99,122,54,108,91,84,74,116,74,111,87,123,91,89,74,106,80,106,75,79,90,88,54,50,91,88,121,82,91,88,104,106,77,68,75,120,101,122,74,55,74,109,109,89,83,110,113,105,83,50,91,50,90,51,50,88,100,71,108,122,98,72,121,106,84,71,71,53,85,109,70,58,81,84,75,58,89,89,49,116,102,122,75,118,90,88,50,109,74,107,112,106,86,51,105,119,100,70,83,119,90,122,67,70,91,88,71,116,100,122,74,116,74,111,67,116,90,89,83,110,99,52,75,117,74,107,112,106,98,73,83,49,100,73,78,55,77,122,58,123,98,72,58,120,91,72,58,107,77,110,83,109,90,88,121,123,74,106,120,106,100,110,87,111,98,89,79,49,91,89,75,109,91,68,74,55,88,52,116,106,98,88,82,106,80,107,82,49,77,68,75,50,100,51,87,122,74,107,112,106,99,88,109,118,91,110,58,120,82,73,109,105,98,72,58,119,77,110,83,109,74,106,120,106,100,73,100,106,80,106,75,91,87,49,91,114,90,86,101,88,101,88,78,122,98,73,91,107,83,50,75,51,88,89,113,71,78,84,75,58,89,89,49,116,102,122,75,118,90,88,50,109,74,107,112,106,86,51,58,107,98,88,71,116,91,72,87,105,99,68,74,116,74,111,67,116,90,89,83,110,99,52,75,117,74,107,112,106,98,73,83,49,100,73,78,55,77,122,58,123,99,51,79,113,90,88,121,108,91,88,71,116,77,110,83,109,77,122,54,118,99,68,74,116,74,110,109,118,91,110,57,106,80,106,75,85,99,51,79,113,90,88,120,104,83,72,87,105,99,73,78,104,85,108,120,106,77,68,75,122,91,88,101,113,100,52,83,109,100,110,87,108,74,107,113,99,102,122,75,113,91,68,74,55,79,85,70,116,74,111,87,123,91,89,74,106,80,106,75,117,90,88,54,50,91,88,120,118,100,72,87,116,102,110,87,122,82,73,109,105,98,72,58,119,77,110,83,109,74,106,120,106,100,73,100,106,80,106,75,91,87,49,91,114,90,86,101,88,101,88,78,122,80,88,113,105,87,49,91,123,88,108,101,88,98,72,75,70,83,85,70,106,103,87,50,58,77,73,116,106,99,110,71,117,91,84,74,55,74,109,79,120,99,52,83,113,91,111,108,106,77,68,75,120,99,72,71,49,91,110,58,122,99,84,74,55,74,110,105,49,101,73,67,123,80,106,57,119,82,88,79,107,99,52,87,118,101,73,78,118,100,52,67,119,101,72,109,110,102,84,54,107,99,51,49,106,77,68,75,122,91,88,101,113,100,52,83,109,100,110,87,108,74,107,113,99,102,122,75,113,91,68,74,55,79,85,86,116,74,111,87,123,91,89,74,106,80,106,75,117,90,88,54,50,91,88,120,118,100,72,87,116,102,110,87,122,82,73,109,105,98,72,58,119,77,110,83,109,74,106,120,106,100,73,100,106,80,106,75,91,87,49,91,114,90,86,101,88,101,88,78,123,82,111,91,108,83,51,121,117,91,87,83,71,78,84,75,58,89,89,49,116,102,122,75,118,90,88,50,109,74,107,112,106,86,52,83,109,90,88,49,106,77,68,75,120,99,72,71,49,91,110,58,122,99,84,74,55,74,110,105,49,101,73,66,55,77,122,58,52,101,52,100,118,100,52,83,109,90,88,50,120,99,52,101,109,100,110,87,108,77,110,79,119,99,84,74,116,74,110,109,118,91,110,57,106,80,106,75,85,101,72,87,105,99,84,67,67,100,73,67,123,74,106,120,106,100,110,87,111,98,89,79,49,91,89,75,109,91,68,74,55,88,52,116,106,98,88,82,106,80,106,74,120,77,85,66,106,77,68,75,118,90,88,50,109,74,107,112,106,87,88,54,122,91,88,71,116,74,70,83,109,90,88,120,104,86,72,71,107,98,122,74,116,74,110,50,105,98,88,120,106,80,106,75,117,90,88,54,50,91,88,120,118,100,72,87,116,102,110,87,122,82,73,109,105,98,72,58,119,77,110,83,109,74,106,120,106,101,89,79,109,100,106,74,55,74,110,105,105,101,51,83,122,90,84,74,116,74,111,67,52,74,107,112,106,88,87,101,72,98,110,71,73,87,111,87,107,78,50,75,116,88,87,100,120,102,70,54,83,81,85,49,106,77,68,75,115,91,89,108,106,80,106,75,82,84,123,66,120,87,68,49,51,86,109,91,70,79,106,49,49,83,108,91,84,79,122,75,58,77,73,116,106,98,88,82,106,80,106,74,120,77,85,70,106,77,68,75,118,90,88,50,109,74,107,112,106,87,73,75,105,90,51,117,117,90,88,54,113,90,84,66,122,74,71,79,49,90,88,83,113,101,88,49,116,74,70,50,105,99,110,109,105,100,72,121,105,99,110,87,49,74,70,71,107,90,51,58,50,99,111,82,104,75,49,50,105,99,111,87,109,99,71,67,109,98,68,100,104,76,70,105,105,101,51,83,122,90,84,108,106,77,68,75,117,90,88,109,116,74,107,112,106,99,88,71,118,101,88,87,116,77,111,67,109,99,73,113,109,100,108,67,54,90,88,105,119,99,122,54,108,91,84,74,116,74,111,87,123,91,89,74,106,80,106,75,112,90,89,101,108,100,110,70,106,77,68,75,120,101,122,74,55,74,109,109,89,83,110,113,105,83,50,91,50,90,123,79,84,99,71,109,89,78,73,105,80,86,85,49,58,74,106,120,106,98,51,87,54,74,107,112,106,84,109,105,80,84,122,50,70,79,108,79,84,77,87,82,51,85,85,104,117,84,107,101,72,80,68,50,74,79,49,86,106,103,84,121,56,74,110,109,108,74,107,112,106,78,68,49,122,74,106,120,106,99,110,71,117,91,84,74,55,74,109,83,122,90,88,79,115,99,88,71,118,98,88,70,104,87,88,54,113,101,72,87,108,74,70,91,119,100,110,87,51,91,89,74,106,77,68,75,117,90,88,109,116,74,107,112,106,99,88,71,118,101,88,87,116,77,111,67,109,99,73,113,109,100,108,67,54,90,88,105,119,99,122,54,108,91,84,74,116,74,111,87,123,91,89,74,106,80,106,75,79,90,88,54,50,91,88,121,103,86,72,87,112,74,106,120,106,100,73,100,106,80,106,75,91,87,49,91,114,90,86,101,88,101,88,83,74,84,89,105,80,86,85,49,58,74,106,120,106,98,51,87,54,74,107,112,106,79,70,71,71,83,106,50,72,88,69,101,76,77,86,87,71,82,49,90,117,78,123,101,73,80,84,49,51,83,86,104,106,103,84,121,56,74,110,109,108,74,107,112,106,78,68,49,123,74,106,120,106,99,110,71,117,91,84,74,55,74,109,83,122,90,88,79,115,99,88,71,118,98,88,70,104,85,110,71,49,98,88,58,118,100,122,67,72,99,52,75,109,101,110,87,122,74,106,120,106,99,88,71,113,99,68,74,55,74,110,50,105,99,111,87,109,99,68,54,120,91,88,121,55,91,89,75,66,102,88,71,112,99,51,57,118,91,72,86,106,77,68,75,50,100,51,87,122,74,107,112,106,89,49,50,105,99,111,87,109,99,71,58,82,91,88,105,103,74,106,120,106,100,73,100,106,80,106,75,91,87,49,91,114,90,86,101,88,101,88,83,74,84,110,105,91,78,111,83,49,88,87,100,50,100,71,109,86,83,85,70,106,77,68,75,115,91,89,108,106,80,106,75,86,85,86,54,72,77,86,79,71,78,50,82,117,88,70,87,76,79,84,50,89,88,87,67,71,77,87,101,69,84,68,75,58,77,73,116,106,98,88,82,106,80,106,74,120,77,85,82,106,77,68,75,118,90,88,50,109,74,107,112,106,87,52,75,109,90,51,117,110,91,89,79,49,74,106,120,106,99,88,71,113,99,68,74,55,74,106,74,116,74,111,87,123,91,89,74,106,80,106,74,106,77,68,75,120,101,122,74,55,74,106,74,116,74,110,117,109,102,84,74,55,74,108,83,70,86,86,121,98,77,87,91,78,80,86,71,72,77,86,83,69,83,123,105,86,74,111,50,101,103,84,121,56,74,110,54,105,99,88,86,106,80,106,75,86,91,88,79,112,99,110,109,115,91,89,74,104,84,52,75,105,99,110,117,109,99,110,117,105,100,52,79,109,74,106,120,106,100,72,121,105,101,72,91,119,100,110,49,106,80,106,75,112,101,73,83,120,100,123,112,119,77,52,101,52,101,122,54,49,98,122,54,108,91,84,74,116,74,111,75,109,91,51,109,123,101,72,87,122,91,88,82,106,80,109,117,56,74,110,109,108,74,107,112,121,78,106,120,106,99,88,71,113,99,68,74,55,74,110,50,105,99,111,87,109,99,68,54,120,91,88,121,55,91,89,75,66,102,88,71,112,99,51,57,118,91,72,86,106,77,68,75,50,100,51,87,122,74,107,112,106,99,88,71,118,101,88,87,116,77,111,67,109,99,73,113,109,100,108,67,54,90,88,105,119,99,122,54,108,91,84,74,116,74,111,67,52,74,107,112,106,88,87,101,72,98,110,71,73,87,111,87,108,83,52,79,53,85,109,70,58,81,84,75,58,89,89,49,116,102,122,75,118,90,88,50,109,74,107,112,106,87,72,58,119,99,68,67,85,100,72,71,122,91,89,78,104,85,51,54,116,98,88,54,109,74,106,120,106,100,72,121,105,101,72,91,119,100,110,49,106,80,106,75,112,101,73,83,120,100,123,112,119,77,52,101,52,101,122,54,49,99,51,58,116,100,52,67,105,100,110,87,123,99,51,54,116,98,88,54,109,77,110,79,119,99,84,74,116,74,111,75,109,91,51,109,123,101,72,87,122,91,88,82,106,80,109,117,56,74,110,109,108,74,107,112,123,79,84,120,106,101,89,79,109,100,106,74,55,74,110,50,105,99,111,87,109,99,68,54,120,91,88,121,55,91,89,75,66,102,88,71,112,99,51,57,118,91,72,86,106,77,68,75,120,101,122,74,55,74,109,109,89,83,110,113,105,83,50,91,50,91,70,100,54,101,110,75,74,85,111,101,91,88,70,113,116,90,123,74,54,101,88,75,73,99,73,87,98,87,70,86,121,74,111,50,101,103,84,121,56,74,110,54,105,99,88,86,106,80,106,75,87,90,110,109,123,99,51,91,49,74,106,120,106,100,72,121,105,101,72,91,119,100,110,49,106,80,106,75,112,101,73,83,120,80,106,57,119,101,88,75,113,100,51,58,110,101,68,54,107,99,51,49,106,77,68,75,113,99,110,91,119,74,107,112,106,87,88,75,113,100,51,58,110,101,68,67,67,90,51,79,119,101,88,54,49,74,106,120,106,100,110,87,111,98,89,79,49,91,89,75,109,91,68,74,55,88,52,116,106,98,88,82,106,80,107,70,116,74,110,54,105,99,88,86,106,80,106,75,67,90,51,79,119,101,88,54,49,74,106,120,106,99,88,71,113,99,68,74,55,74,110,50,105,99,111,87,109,99,68,54,120,91,88,121,55,91,89,75,66,102,88,71,112,99,51,57,118,91,72,86,106,77,68,75,50,100,51,87,122,74,107,112,106,85,88,71,118,101,88,87,116,86,72,87,112,74,106,120,106,100,73,100,106,80,106,75,91,87,49,91,114,90,86,101,88,101,88,83,89,84,111,67,107,78,107,109,117,91,70,83,71,78,84,75,58,89,89,49,116,102,122,75,118,90,88,50,109,74,107,112,106,87,88,54,113,101,73,109,117,91,88,83,113,90,84,74,116,74,111,67,116,90,89,83,110,99,52,75,117,74,107,112,106,98,73,83,49,100,73,78,55,77,122,58,52,101,52,100,118,101,88,54,113,101,73,109,117,91,88,83,113,90,84,54,108,91,84,74,116,74,111,75,109,91,51,109,123,101,72,87,122,91,88,82,106,80,109,117,56,74,110,109,108,74,107,112,121,79,68,120,106,99,88,71,113,99,68,74,55,74,110,50,105,99,111,87,109,99,68,54,120,91,88,121,55,91,89,75,66,102,88,71,112,99,51,57,118,91,72,86,106,77,68,75,50,100,51,87,122,74,107,112,106,99,88,71,118,101,88,87,116,77,111,67,109,99,73,113,109,100,108,67,54,90,88,105,119,99,122,54,108,91,84,74,116,74,111,67,52,74,107,112,106,88,87,101,72,98,110,71,73,87,111,87,88,87,123,87,120,91,70,105,116,101,71,113,89,86,111,67,91,87,70,86,121,74,111,50,101,103,84,121,56,74,110,54,105,99,88,86,106,80,106,75,88,86,106,67,85,91,88,79,50,100,110,86,104,83,51,57,104,86,72,121,50,100,122,74,116,74,111,67,116,90,89,83,110,99,52,75,117,74,107,112,106,98,73,83,49,100,73,78,55,77,122,58,51,99,51,75,105,77,88,50,111,77,110,83,109,74,106,120,106,98,88,54,110,99,122,74,55,74,109,91,84,77,87,79,109,90,52,87,122,91,86,101,119,74,70,75,105,99,110,117,113,99,110,100,104,82,89,67,120,74,106,120,106,100,110,87,111,98,89,79,49,91,89,75,109,91,68,74,55,88,52,116,106,98,88,82,106,80,106,74,122,74,106,120,106,99,110,71,117,91,84,74,55,74,109,91,84,77,87,79,109,90,52,87,122,91,86,101,119,74,71,67,116,101,89,78,106,77,68,75,117,90,88,109,116,74,107,112,106,99,88,71,118,101,88,87,116,77,111,67,109,99,73,113,109,100,108,67,54,90,88,105,119,99,122,54,108,91,84,74,116,74,111,87,123,91,89,74,106,80,106,75,85,101,72,71,118,91,72,71,122,91,68,50,78,99,51,101,113,99,106,74,116,74,111,67,52,74,107,112,106,87,110,121,76,87,70,49,122,85,107,71,107,99,87,86,58,74,106,120,106,98,51,87,54,74,107,112,106,74,111,50,101,103,84,121,56,74,110,54,105,99,88,86,106,80,106,75,88,99,51,121,115,100,51,75,105,99,110,116,106,77,68,75,120,99,72,71,49,91,110,58,122,99,84,74,55,74,110,105,49,101,73,67,123,80,106,57,119,101,52,101,52,77,111,91,119,90,110,70,117,99,88,100,118,91,72,86,106,77,68,75,122,91,88,101,113,100,52,83,109,100,110,87,108,74,107,113,99,102,122,75,113,91,68,74,55,79,85,82,116,74,111,87,123,91,89,74,106,80,106,75,79,90,88,54,50,91,88,121,82,91,88,104,106,77,68,75,120,101,122,74,55,74,108,50,86,87,89,101,79,98,110,78,58,74,111,50,101,103,84,121,56,74,110,54,105,99,88,86,106,80,106,75,91,90,88,105,119,99,122,74,116,74,111,67,116,90,89,83,110,99,52,75,117,74,107,112,106,98,73,83,49,100,73,78,55,77,122,58,116,99,51,101,113,99,106,54,54,90,88,105,119,99,122,54,107,99,51,49,106,77,68,75,122,91,88,101,113,100,52,83,109,100,110,87,108,74,107,113,99,102,122,75,113,91,68,74,55,78,85,66,116,74,110,50,105,98,88,120,106,80,106,75,117,90,88,54,50,91,88,120,118,100,72,87,116,102,110,87,122,82,73,109,105,98,72,58,119,77,110,83,109,74,106,120,106,101,89,79,109,100,106,74,55,74,110,50,105,99,111,87,109,99,68,54,120,91,88,121,55,91,89,75,66,102,88,71,112,99,51,57,118,91,72,86,106,77,68,75,120,101,122,74,55,74,109,109,89,83,110,113,105,83,50,91,50,91,87,101,72,99,51,74,122,80,73,105,80,86,85,49,58,74,111,50,101,103,87,49,62];\n}\n",
  "ts": "",
  "assets": "",
  "size": 75949
}