{
  "name": "Tag-Demo",
  "lastEdit": 1718555502762,
  "created": 1665912504572,
  "html": "",
  "css": "html {\n    font-family: sans-serif;\n}\n\nbody {\n    background-color: #333;\n}\n\nh1, p, div {\n    color: #abcdef;\n\n}\n\n.text {\n    text-align: center;\n}\n\npre {\n    color: #123;\n    text-align: left;\n    font-size: 12px;\n    background-color: #abcdef;\n    margin: 20px auto;\n    padding: 10px;\n    border-radius: 5px;\n    cursor: pointer;\n    width: 87%;\n}\n\ntextarea {\n    width: 87%;\n    height: 25vh;\n    margin: 20px;\n    padding: 5px;\n    white-space: pre;\n}\n\n.pre {\n    display: block;\n    position: relative;\n    padding-top: 10px;\n}\n\nspan>label {\n    top: 0;\n    left: 2vw;\n    color: #abcdef;\n}\n\nlabel {\n    position: absolute;\n    left: 2vw;\n    text-align: left;\n    margin: 0 10px;\n    font-size: 12px;\n    font-weight: bold;\n}\n\ninput[type=\"button\"] {\n    font-weight: bold;\n    width: 80px;\n    cursor: pointer;\n    transition: all 400ms;\n}\n\n.checkdiv {\n    position: relative;\n    height: 40px;\n    top: -15px;\n    left: 3%;\n}\n\n.checkdiv input {\n    position: relative;\n    top: 5px;\n}\n\n\ninput[type=button]:hover {\n    transform: scale(1.1, 1.1);\n}\n\ninput {\n    background: #ddd;\n    margin: 0 5px;\n    border: none;\n    color: #333;\n    font-size: 14px;\n    height: 25px;\n    border-radius: 3px;\n}\n\n#parse-tag, #copy-tag {\n    opacity: 0;\n}\n\n.parse-container {\n\twidth: 80vw;\n\theight: 80vh;\n\tposition: absolute;\n\ttop: 10vh;\n\tleft: 10vw;\n}\n\n.header {\n    display: flex;\n    flex-direction: row;\n    justify-content: space-between;\n\theight: 35px;\n\tpadding: 0;\n\tmargin: 0 -4px 0 0;\n\tbackground-color: #ddd;\n\tborder: #abcdef 1px solid;\n\tborder-bottom: none;\n\n}\n\n.headline {\n    align-self: center;\n\twidth: 100%;\n    padding-left: 20px;\n    font-family: sans-serif;\n\tfont-size: 24px;\n\tcolor: #000;\n}\n\n.closer {\n\twidth: 33px;\n    height: 33px;\n\tcolor:#000;\n\tcursor: pointer;\n    background-image: url(\"data:image/svg+xml,%3csvg xmlns='http://www.w3.org/2000/svg' width='24' height='24' viewBox='0 0 24 24' stroke-width='2' stroke='currentColor' fill='none' stroke-linecap='round' stroke-linejoin='round'%3e%3cpath stroke='currentColor'/%3e%3cline x1='18' y1='6' x2='6' y2='18' /%3e%3cline x1='6' y1='6' x2='18' y2='18' /%3e%3c/svg%3e\");\n    background-size: 24px;\n    background-position: center;\n    transition: all 100ms;\n}\n\n.closer:hover {\n    background-color: red !important;\n}\n\n.iframe {\n\tposition:relative;\n\twidth:100%;\n\theight:100%;\n}\n",
  "js": "/*\n * DOM Element to Object Parser\n *\n * Takes one ore more DOM node(s) and extracts its whole content to a javascript array.\n * This array can then be used by the tag function to rebuild the DOM node(s).\n *\n * Usage:\n *\n * const DOMArray = DOM2Obj(DOM_Node, parent);\n *  @DOM_Node [DOM_node]: document node, e.g. document.body\n *  @parent [string][optional]: Adds a parent element, the object will be parsed in on rebuild. When left empty, \"document.body\" will be added to the outer element(s).\n *\n * Example:\n *\n * const DOMArray = DOM2Obj(document.body, \"document.getElementById('target')\");\n * Later, on rebuild, you need to unquote the parent string again!\n */\n \nlet In, Out, ParseTag, CopyTag, Parse, Pre, PreContent, Parent, IframeCounter = 0,\n    GlobalZindex = 10, Minify;\n\nconst inHtml = `&lt;!doctype html&gt;&lt;html&gt;&lt;head&gt;&lt;meta charset='utf-8'&gt;&lt;style&gt;\\n    body {\\n        margin: 0;\\n        text-align: center;\\n        color: white;\\n    }\\n    canvas {\\n        border: 1px solid #000000;\\n    }\\n    h1 {\\n        margin: 0;\\n    }\\n    #frames {\\n        width: 100px;\\n    }\\n    input {\\n        max-width: 50px;\\n        margin-right: 15px;\\n    }\\n    button {\\n        padding: 2px 5px;\\n        margin: 5px 3px;\\n    }\\n&lt;/style&gt;\\n&lt;/head&gt;&lt;body&gt;&lt;div&gt;\\n    &lt;h1&gt;Game of Life&lt;/h1&gt;\\n    &lt;button id=\"ctr\"&gt;Start&lt;/button&gt;\\n    &lt;button id=\"ctrclear\"&gt;Clear&lt;/button&gt;\\n    &lt;button id=\"ctrshuffle\"&gt;Shuffle&lt;/button&gt;\\n    Speed:\\n    &lt;input id=\"frames\" type=\"number\"&gt;\\n    tileSize:\\n    &lt;input id=\"tile\" type=\"number\"&gt;\\n    Grid Height:\\n    &lt;input id=\"height\" type=\"number\"&gt;\\n    Grid Width:\\n    &lt;input id=\"width\" type=\"number\"&gt;\\n    Full Size:\\n    &lt;input id=\"full\" type=\"checkbox\" checked=\"checked\"&gt;\\n&lt;/div&gt;\\n&lt;canvas id=\"board\"&gt;&lt;/canvas&gt;\\n&lt;script&gt;\\n    var frames = 15;\\n    var tileSize = 5;\\n    var canvas = document.getElementById(\"board\");\\n    var ctx = canvas.getContext(\"2d\");\\n    var control = document.getElementById(\"ctr\");\\n    var controlClear = document.getElementById(\"ctrclear\");\\n    var controlShuffle = document.getElementById(\"ctrshuffle\");\\n    var inputFrames = document.getElementById(\"frames\");\\n    var fullSize = document.getElementById(\"full\");\\n    var width = document.getElementById(\"width\");\\n    var height = document.getElementById(\"height\");\\n    var tile = document.getElementById(\"tile\");\\n    var fps = document.getElementById(\"fps\");\\n    var boardSizeX;\\n    var boardSizeY;\\n    var boardState;\\n    var running = 0,\\n        r;\\n    var boardLine;\\n    var loopY;\\n    var loopX;\\n    var interval;\\n    var temp = {};\\n    var mouseIsDown = 0;\\n    var mode = null;\\n    inputFrames.value = frames;\\n    tile.value = tileSize;\\n    canvas.style.backgroundColor = \"black\";\\n    var draw = (alive, x, y) =&gt; {\\n        ctx.fillStyle = alive\\n            ? \"green\"\\n            : \"black\";\\n        ctx.fillRect(x * tileSize, y * tileSize, tileSize, tileSize);\\n    }\\n    var prepare = () =&gt; {\\n        boardState = [];\\n        for (y = 0; y &lt; loopY; y++) {\\n            boardLine = [];\\n            for (x = 0; x &lt; loopX; x++) {\\n                var living = (Math.random() * 100) &lt; 25;\\n                boardLine.push(living);\\n                draw(living, x, y);\\n            }\\n            boardState.push(boardLine);\\n        }\\n    };\\n    var sizeChange = e =&gt; {\\n        e && e.target !== fullSize && (fullSize.checked = 0);\\n        boardSizeX = !e || e.target === fullSize\\n            ? fullSize.checked\\n                ? innerWidth - 10\\n                : temp.width\\n            : width.value;\\n        boardSizeY = !e || e.target === fullSize\\n            ? fullSize.checked\\n                ? innerHeight - 90\\n                : temp.height\\n            : height.value;\\n        boardSizeX -= boardSizeX % tileSize;\\n        boardSizeY -= boardSizeY % tileSize;\\n        fullSize.checked\\n            ? (width.value = boardSizeX, height.value = boardSizeY)\\n            : (event.target !== fullSize && (temp.width = width.value, temp.height = height.value));\\n        loopY = boardSizeY / tileSize;\\n        loopX = boardSizeX / tileSize;\\n        width.value = boardSizeX;\\n        height.value = boardSizeY;\\n        canvas.style.width = boardSizeX + \"px\";\\n        canvas.style.height = boardSizeY + \"px\";\\n        canvas.width = boardSizeX;\\n        canvas.height = boardSizeY;\\n        prepare();\\n    };\\n    update = () =&gt; {\\n        var newBoardState = [];\\n        var living,\\n            xm,\\n            xp,\\n            ym,\\n            yp;\\n        for (y = 0; y &lt; loopY; y++) {\\n            var newBoardLine = [];\\n            for (x = 0; x &lt; loopX; x++) {\\n                living = 0;\\n                (xm = x - 1) &lt; 0 && (xm = loopX - 1);\\n                (ym = y - 1) &lt; 0 && (ym = loopY - 1);\\n                (xp = x + 1) &gt;= loopX && (xp = 0);\\n                (yp = y + 1) &gt;= loopY && (yp = 0);\\n                boardState[ym][xm] && living++;\\n                boardState[ym][x] && living++;\\n                boardState[ym][xp] && living++;\\n                boardState[y][xm] && living++;\\n                boardState[y][xp] && living++;\\n                boardState[yp][xm] && living++;\\n                boardState[yp][x] && living++;\\n                boardState[yp][xp] && living++;\\n                boardState[y][x]\\n                    ? (\\n                        living == 2 || living == 3\\n                        ? newBoardLine.push(true)\\n                        : (newBoardLine.push(false), draw(0, x, y)))\\n                    : (\\n                        living == 3\\n                        ? (newBoardLine.push(true), draw(1, x, y))\\n                        : newBoardLine.push(false));\\n            }\\n            newBoardState.push(newBoardLine);\\n        }\\n        boardState = newBoardState.splice(0);\\n    };\\n    var tileChange = () =&gt; {\\n        let r = running;\\n        r && clearInterval(interval);\\n        let e = event.target.value;\\n        if (e &lt; 1) \\n            e = event.target.value = 1;\\n        if (e &gt; loopX / 4 || e &gt; loopY / 4) \\n            running\\n                ? clickControl()\\n                : e = event.target.value = 5;\\n        tileSize = e;\\n        boardSizeX = fullSize.checked\\n            ? innerWidth - 10\\n            : width.value;\\n        boardSizeY = fullSize.checked\\n            ? innerHeight - 90\\n            : height.value;\\n        boardSizeX -= boardSizeX % tileSize;\\n        boardSizeY -= boardSizeY % tileSize;\\n        loopY = boardSizeY / tileSize;\\n        loopX = boardSizeX / tileSize;\\n        canvas.style.width = boardSizeX + \"px\";\\n        canvas.style.height = boardSizeY + \"px\";\\n        canvas.width = boardSizeX;\\n        canvas.height = boardSizeY;\\n        prepare();\\n        r && (interval = setInterval(update, Math.ceil(1000 / frames)));\\n    };\\n    var canvasMouseDown = () =&gt; {\\n        if (running) \\n            return;\\n        var x = Math.floor(event.offsetX / tileSize);\\n        var y = Math.floor(event.offsetY / tileSize);\\n        boardState[y][x] = !boardState[y][x];\\n        mode = boardState[y][x];\\n        draw(mode, x, y);\\n        mouseIsDown = 1;\\n    };\\n    var canvasMouseUp = () =&gt; {\\n        mouseIsDown = 0;\\n        mode = null;\\n    };\\n    var canvasMouseMove = () =&gt; {\\n        if (!mouseIsDown) \\n            return;\\n        var x = Math.floor(event.offsetX / tileSize);\\n        var y = Math.floor(event.offsetY / tileSize);\\n        boardState[y][x] = mode;\\n        draw(mode, x, y);\\n    };\\n    var clickControl = function () {\\n        (running = !running)\\n            ? (control.innerText = \"Stop\", interval = setInterval(update, Math.ceil(1000 / frames)))\\n            : (control.innerText = \"Start\", clearInterval(interval));\\n    }\\n    var clickClear = () =&gt; {\\n        for (y = 0; y &lt; loopY; y++) \\n            for (x = 0; x &lt; loopX; x++) \\n                (boardState[y][x] = false, draw(0, x, y));\\n            };\\n    var clickShuffle = () =&gt; {\\n        for (y = 0; y &lt; loopY; y++) \\n            for (x = 0; x &lt; loopX; x++) \\n                (boardState[y][x] = (Math.random() * 100) &lt; 25, draw(boardState[y][x], x, y));\\n            };\\nvar changeFrames = e =&gt; {\\n        frames = e.target.value;\\n        running && (clearInterval(interval), interval = setInterval(update, Math.ceil(1000 / frames)));\\n    }\\n    canvas.onmousedown = canvasMouseDown;\\n    canvas.onmousemove = canvasMouseMove;\\n    canvas.onmouseup = canvasMouseUp;\\n    control.onclick = clickControl;\\n    controlClear.onclick = clickClear;\\n    controlShuffle.onclick = clickShuffle;\\n    inputFrames.onchange = changeFrames;\\n    width.onchange = height.onchange = fullSize.onchange = sizeChange;\\n    tile.onchange = tileChange;\\n    sizeChange();\\n    control.click();\\n&lt;/script&gt;&lt;/body&gt;&lt;/html&gt;`;\nconst inHtml2 = \"<style>\\nhtml {\\n    font-family: sans-serif;\\n}\\n\\nh1, p, div {\\n    color: #abcdef;\\n    \\n}\\n\\n.text {\\n    text-align: center;\\n}\\n\\npre {\\n    color: #123;\\n    text-align: left;\\n    font-size: 12px;\\n    background-color: #abcdef;\\n    margin: 10px 5% 30px 5%;\\n    padding: 10px;\\n    border-radius: 5px;\\n    cursor: pointer;\\n}\\n\\ntextarea {\\n    width: 87%;\\n    height: 25vh;\\n    margin: 20px;\\n    padding: 5px;\\n    white-space: pre;\\n}\\n\\n.pre {\\n    display: block;\\n    position: relative;\\n    padding-top: 10px;\\n}\\n\\nspan>label {\\n    top: 0;\\n    left: 2vw;\\n    color: #abcdef;\\n}\\n\\nlabel {\\n    position: absolute;\\n    left: 2vw;\\n    text-align: left;\\n    margin: 0 10px;\\n    font-size: 12px;\\n    font-weight: bold;\\n}\\n\\ninput[type=\\\"button\\\"] {\\n    font-weight: bold;\\n    width: 80px;\\n    cursor: pointer;\\n    transition: all 400ms;\\n}\\n\\ninput[type=button]:hover {\\n    transform: scale(1.1, 1.1);\\n}\\n\\ninput {\\n    background: #ddd;\\n    margin: 0 5px;\\n    border: none;\\n    color: #333;\\n    font-size: 14px;\\n    height: 25px;\\n    border-radius: 3px;\\n}\\n\\n#parse-tag, #copy-tag {\\n    opacity: 0;\\n}\\n\\n.closer {\\n\tposition: absolute;\\n\tright: 1px;\\n\ttop: 1px;\\n\tpadding: 1px;\\n\tbackground-color: beige;\\n\tfont-family:sans-serif;\\n\tfont-size:25px;\\n\tfont-weight:bold;\\n\tcolor:#000;\\n\tcursor: pointer;\\n}\\n\\n.header {\\n\tposition: relative;\\n\theight: 30px;\\n\tpadding: 0;\\n\tmargin: 0 -4px 0 0;\\n\tbackground-color: #ddd;\\n\tborder: #abcdef 1px solid;\\n\tborder-bottom: none;\\n}\\n\\n.headline {\\n\tfont-family: sans-serif;\\n\tfont-size: 24px;\\n\tposition: absolute;\\n\tleft: 20px;\\n\ttop: 0;\\n\twidth: 100%;\\n\theight: 30px;\\n\tcolor: #000;\\n}\\n\\n.iframe {\\n\tposition:relative;\\n\twidth:100%;\\n\theight:100%;\\n}\\n\\n#parse-container {\\n\twidth: 80vw;\\n\theight: 80vh;\\n\tposition: absolute;\\n\ttop: 10vh;\\n\tleft: 10vw;\\n}\\n\\n</style>\\n        <center>\\n            <h1>Tag-Parser</h1>\\n            <p>Wandelt HTML-Code in Object-Code zum dynamischen Erzeugen von HTML innerhalb<br>von Javascript mit der tag-Funktion.</p>\\n        </center>\\n        <span class=\\\"pre\\\">\\n            <label for=\\\"pre\\\">TAG-Funktion</label>\\n            <pre id=\\\"pre\\\">function tag() {....}</pre>\\n            <div class=\\\"text\\\">\\n                <label for=\\\"in\\\">HTML-Eingabe</label>\\n                <textarea id=\\\"in\\\">&lt;style&gt;\\n    body {\\n        margin: 0;\\n        text-align: center;\\n        color: white;\\n    }\\n    canvas {\\n        border: 1px solid #000000;\\n    }\\n    h1 {\\n        margin: 0;\\n    }\\n    #frames {\\n        width: 100px;\\n    }\\n    input {\\n        max-width: 50px;\\n        margin-right: 15px;\\n    }\\n    button {\\n        padding: 2px 5px;\\n        margin: 5px 3px;\\n    }\\n&lt;/style&gt;\\n&lt;div&gt;\\n    &lt;button id=\\\"ctr\\\"&gt;Start&lt;/button&gt;\\n    &lt;button id=\\\"ctrclear\\\"&gt;Clear&lt;/button&gt;\\n    &lt;button id=\\\"ctrshuffle\\\"&gt;Shuffle&lt;/button&gt;\\n    Speed:\\n    &lt;input id=\\\"frames\\\" type=\\\"number\\\"&gt;\\n    tileSize:\\n    &lt;input id=\\\"tile\\\" type=\\\"number\\\"&gt;\\n    &lt;br&gt;Grid Height:\\n    &lt;input id=\\\"height\\\" type=\\\"number\\\"&gt;\\n    Grid Width:\\n    &lt;input id=\\\"width\\\" type=\\\"number\\\"&gt;\\n    Full Size:\\n    &lt;input id=\\\"full\\\" type=\\\"checkbox\\\" checked=\\\"checked\\\"&gt;\\n&lt;/div&gt;\\n&lt;canvas id=\\\"board\\\"&gt;&lt;/canvas&gt;\\n&lt;script&gt;\\n    var frames = 15;\\n    var tileSize = 5;\\n    var canvas = document.getElementById(\\\"board\\\");\\n    var ctx = canvas.getContext(\\\"2d\\\");\\n    var control = document.getElementById(\\\"ctr\\\");\\n    var controlClear = document.getElementById(\\\"ctrclear\\\");\\n    var controlShuffle = document.getElementById(\\\"ctrshuffle\\\");\\n    var inputFrames = document.getElementById(\\\"frames\\\");\\n    var fullSize = document.getElementById(\\\"full\\\");\\n    var width = document.getElementById(\\\"width\\\");\\n    var height = document.getElementById(\\\"height\\\");\\n    var tile = document.getElementById(\\\"tile\\\");\\n    var fps = document.getElementById(\\\"fps\\\");\\n    var boardSizeX;\\n    var boardSizeY;\\n    var boardState;\\n    var running = 0,\\n        r;\\n    var boardLine;\\n    var loopY;\\n    var loopX;\\n    var interval;\\n    var temp = {};\\n    var mouseIsDown = 0;\\n    var mode = null;\\n    inputFrames.value = frames;\\n    tile.value = tileSize;\\n    canvas.style.backgroundColor = \\\"black\\\";\\n    var draw = (alive, x, y) =&gt; {\\n        ctx.fillStyle = alive\\n            ? \\\"green\\\"\\n            : \\\"black\\\";\\n        ctx.fillRect(x * tileSize, y * tileSize, tileSize, tileSize);\\n    }\\n    var prepare = () =&gt; {\\n        boardState = [];\\n        for (y = 0; y &lt; loopY; y++) {\\n            boardLine = [];\\n            for (x = 0; x &lt; loopX; x++) {\\n                var living = (Math.random() * 100) &lt; 25;\\n                boardLine.push(living);\\n                draw(living, x, y);\\n            }\\n            boardState.push(boardLine);\\n        }\\n    };\\n    var sizeChange = e =&gt; {\\n        e &amp;&amp; e.target !== fullSize &amp;&amp; (fullSize.checked = 0);\\n        boardSizeX = !e || e.target === fullSize\\n            ? fullSize.checked\\n                ? innerWidth - 10\\n                : temp.width\\n            : width.value;\\n        boardSizeY = !e || e.target === fullSize\\n            ? fullSize.checked\\n                ? innerHeight - 90\\n                : temp.height\\n            : height.value;\\n        boardSizeX -= boardSizeX % tileSize;\\n        boardSizeY -= boardSizeY % tileSize;\\n        fullSize.checked\\n            ? (width.value = boardSizeX, height.value = boardSizeY)\\n            : (event.target !== fullSize &amp;&amp; (temp.width = width.value, temp.height = height.value));\\n        loopY = boardSizeY / tileSize;\\n        loopX = boardSizeX / tileSize;\\n        width.value = boardSizeX;\\n        height.value = boardSizeY;\\n        canvas.style.width = boardSizeX + \\\"px\\\";\\n        canvas.style.height = boardSizeY + \\\"px\\\";\\n        canvas.width = boardSizeX;\\n        canvas.height = boardSizeY;\\n        prepare();\\n    };\\n    update = () =&gt; {\\n        var newBoardState = [];\\n        var living,\\n            xm,\\n            xp,\\n            ym,\\n            yp;\\n        for (y = 0; y &lt; loopY; y++) {\\n            var newBoardLine = [];\\n            for (x = 0; x &lt; loopX; x++) {\\n                living = 0;\\n                (xm = x - 1) &lt; 0 &amp;&amp; (xm = loopX - 1);\\n                (ym = y - 1) &lt; 0 &amp;&amp; (ym = loopY - 1);\\n                (xp = x + 1) &gt;= loopX &amp;&amp; (xp = 0);\\n                (yp = y + 1) &gt;= loopY &amp;&amp; (yp = 0);\\n                boardState[ym][xm] &amp;&amp; living++;\\n                boardState[ym][x] &amp;&amp; living++;\\n                boardState[ym][xp] &amp;&amp; living++;\\n                boardState[y][xm] &amp;&amp; living++;\\n                boardState[y][xp] &amp;&amp; living++;\\n                boardState[yp][xm] &amp;&amp; living++;\\n                boardState[yp][x] &amp;&amp; living++;\\n                boardState[yp][xp] &amp;&amp; living++;\\n                boardState[y][x]\\n                    ? (\\n                        living == 2 || living == 3\\n                        ? newBoardLine.push(true)\\n                        : (newBoardLine.push(false), draw(0, x, y)))\\n                    : (\\n                        living == 3\\n                        ? (newBoardLine.push(true), draw(1, x, y))\\n                        : newBoardLine.push(false));\\n            }\\n            newBoardState.push(newBoardLine);\\n        }\\n        boardState = newBoardState.splice(0);\\n    };\\n    var tileChange = () =&gt; {\\n        let r = running;\\n        r &amp;&amp; clearInterval(interval);\\n        let e = event.target.value;\\n        if (e &lt; 1) \\n            e = event.target.value = 1;\\n        if (e &gt; loopX / 4 || e &gt; loopY / 4) \\n            running\\n                ? clickControl()\\n                : e = event.target.value = 5;\\n        tileSize = e;\\n        boardSizeX = fullSize.checked\\n            ? innerWidth - 10\\n            : width.value;\\n        boardSizeY = fullSize.checked\\n            ? innerHeight - 90\\n            : height.value;\\n        boardSizeX -= boardSizeX % tileSize;\\n        boardSizeY -= boardSizeY % tileSize;\\n        loopY = boardSizeY / tileSize;\\n        loopX = boardSizeX / tileSize;\\n        canvas.style.width = boardSizeX + \\\"px\\\";\\n        canvas.style.height = boardSizeY + \\\"px\\\";\\n        canvas.width = boardSizeX;\\n        canvas.height = boardSizeY;\\n        prepare();\\n        r &amp;&amp; (interval = setInterval(update, Math.ceil(1000 / frames)));\\n    };\\n    var canvasMouseDown = () =&gt; {\\n        if (running) \\n            return;\\n        var x = Math.floor(event.offsetX / tileSize);\\n        var y = Math.floor(event.offsetY / tileSize);\\n        boardState[y][x] = !boardState[y][x];\\n        mode = boardState[y][x];\\n        draw(mode, x, y);\\n        mouseIsDown = 1;\\n    };\\n    var canvasMouseUp = () =&gt; {\\n        mouseIsDown = 0;\\n        mode = null;\\n    };\\n    var canvasMouseMove = () =&gt; {\\n        if (!mouseIsDown) \\n            return;\\n        var x = Math.floor(event.offsetX / tileSize);\\n        var y = Math.floor(event.offsetY / tileSize);\\n        boardState[y][x] = mode;\\n        draw(mode, x, y);\\n    };\\n    var clickControl = function () {\\n        (running = !running)\\n            ? (control.innerText = \\\"Stop\\\", interval = setInterval(update, Math.ceil(1000 / frames)))\\n            : (control.innerText = \\\"Start\\\", clearInterval(interval));\\n    }\\n    var clickClear = () =&gt; {\\n        for (y = 0; y &lt; loopY; y++) \\n            for (x = 0; x &lt; loopX; x++) \\n                (boardState[y][x] = false, draw(0, x, y));\\n            };\\n    var clickShuffle = () =&gt; {\\n        for (y = 0; y &lt; loopY; y++) \\n            for (x = 0; x &lt; loopX; x++) \\n                (boardState[y][x] = (Math.random() * 100) &lt; 25, draw(boardState[y][x], x, y));\\n            };\\nvar changeFrames = e =&gt; {\\n        frames = e.target.value;\\n        running &amp;&amp; (clearInterval(interval), interval = setInterval(update, Math.ceil(1000 / frames)));\\n    }\\n    canvas.onmousedown = canvasMouseDown;\\n    canvas.onmousemove = canvasMouseMove;\\n    canvas.onmouseup = canvasMouseUp;\\n    control.onclick = clickControl;\\n    controlClear.onclick = clickClear;\\n    controlShuffle.onclick = clickShuffle;\\n    inputFrames.onchange = changeFrames;\\n    width.onchange = height.onchange = fullSize.onchange = sizeChange;\\n    tile.onchange = tileChange;\\n    sizeChange();\\n    control.click();\\n&lt;/script&gt;</textarea>\\n            </div>\\n            <div class=\\\"text\\\">\\n                <label for=\\\"out\\\">Tag-Ausgabe</label>\\n                <textarea id=\\\"out\\\"></textarea>\\n            </div>\\n            <div>\\n                <label>Hinzufügen zu\\n                    <input id=\\\"parent\\\" type=\\\"text\\\" placeholder=\\\"document.body\\\">\\n                    <input type=\\\"button\\\" value=\\\"Erstellen\\\" id=\\\"parse\\\">\\n                    <input type=\\\"button\\\" value=\\\"Parsen\\\" id=\\\"parse-tag\\\">\\n                    <input type=\\\"button\\\" value=\\\"Kopieren\\\" id=\\\"copy-tag\\\">\\n                </label>\\n            </div>\\n        </span>\\n        <script id=\\\"js_by_editor\\\" type=\\\"text/javascript\\\">\\n            /*\\n             * DOM Element to Object Parser\\n             * \\n             * Takes one ore more DOM node(s) and extracts its whole content to a javascript array.\\n             * This array can then be used by the tag function to rebuild the DOM node(s).\\n             *\\n             * Usage:\\n             * \\n             * const DOMArray = DOM2Obj(DOM_Node, parent);\\n             *  @DOM_Node [DOM_node]: document node, e.g. document.body \\n             *  @parent [string][optional]: Adds a parent element, the object will be parsed in on rebuild. When left empty, \\\"document.body\\\" will be added to the outer element(s).\\n             *\\n             * Example:\\n             *\\n             * const DOMArray = DOM2Obj(document.body, \\\"document.getElementById('target')\\\");\\n             * Later, on rebuild, you need to unquote the parent string again!\\n             */\\n            const In = document.getElementById(\\\"in\\\");\\n            const Out = document.getElementById(\\\"out\\\");\\n            const ParseTag = document.getElementById(\\\"parse-tag\\\");\\n            const CopyTag = document.getElementById(\\\"copy-tag\\\");\\n            const Parse = document.getElementById(\\\"parse\\\");\\n            const pre = document.getElementById(\\\"pre\\\");\\n            const Parent = document.getElementById(\\\"parent\\\");\\n            const preContent = `function tag() {\\n  if (!arguments.length) return;\\n  const args = Array.isArray(arguments[0]) ? arguments[0] : [...args];\\n  let element, newTag;\\n  if (args.length === 1 && typeof args[0] === \\\"string\\\") {\\n    let a = args[0], b = a.match(/(w+)[(.*?)]/);\\n    if (b?.length === 3) return document.querySelectorAll(b[1] + b[2]);\\n    return document.getElementsByTagName(a);\\n  }\\n  function each(items, cb) {\\n    if (items.constructor === Object) {\\n      Object.entries(items).forEach(([key, value], index) => cb(key, value, index));\\n    } else [...items].forEach((key, index) => cb(key, index));\\n  }\\n  for (let i = 0; i < args.length; i++) {\\n    let parent;\\n    const arg = Object.keys(args[i]);\\n    newTag = arg[0];\\n    const attr = args[i][newTag];\\n    if (arg[1]) parent = args[i][arg[1]];\\n    element = document.createElement(newTag);\\n    attr && each(attr, (key, value) => {\\n      key === \\\"dataset\\\" ? each(value, (k, v) => element.dataset[k] = v) :\\n      key === \\\"text\\\" ? element.appendChild(document.createTextNode(value)) :\\n      key === \\\"html\\\" ? element.innerHTML += value :\\n      key === \\\"style\\\" ? typeof value === \\\"object\\\" ?\\n        each(value, (k, v) => element.style[k] = v) :\\n        each(value.split(\\\";\\\"), entry => {\\n          let [k, v] = entry.split(\\\":\\\");\\n          element.style[k] = v;\\n        }) :\\n      key === \\\"children\\\" ? (\\n        each(value, child => each(child, (k, v) => {\\n          k === \\\"text\\\" ? element.appendChild(document.createTextNode(v)) :\\n          k === \\\"html\\\" ? element.innerHTML += v :\\n          tag({...child, parent: element});\\n        }))\\n      ) : element[key] = value;\\n    });\\n    parent && parent.appendChild(element);\\n  }\\n  return element;\\n}`;\\n            const inHtml = `&lt;style&gt;\\n    body {\\n        margin: 0;\\n        text-align: center;\\n        color: white;\\n    }\\n    canvas {\\n        border: 1px solid #000000;\\n    }\\n    h1 {\\n        margin: 0;\\n    }\\n    #frames {\\n        width: 100px;\\n    }\\n    input {\\n        max-width: 50px;\\n        margin-right: 15px;\\n    }\\n    button {\\n        padding: 2px 5px;\\n        margin: 5px 3px;\\n    }\\n&lt;/style&gt;\\n&lt;div&gt;\\n    &lt;button id=\\\"ctr\\\"&gt;Start&lt;/button&gt;\\n    &lt;button id=\\\"ctrclear\\\"&gt;Clear&lt;/button&gt;\\n    &lt;button id=\\\"ctrshuffle\\\"&gt;Shuffle&lt;/button&gt;\\n    Speed:\\n    &lt;input id=\\\"frames\\\" type=\\\"number\\\"&gt;\\n    tileSize:\\n    &lt;input id=\\\"tile\\\" type=\\\"number\\\"&gt;\\n    <br>Grid Height:\\n    &lt;input id=\\\"height\\\" type=\\\"number\\\"&gt;\\n    Grid Width:\\n    &lt;input id=\\\"width\\\" type=\\\"number\\\"&gt;\\n    Full Size:\\n    &lt;input id=\\\"full\\\" type=\\\"checkbox\\\" checked=\\\"checked\\\"&gt;\\n&lt;/div&gt;\\n&lt;canvas id=\\\"board\\\"&gt;&lt;/canvas&gt;\\n&lt;script&gt;\\n    var frames = 15;\\n    var tileSize = 5;\\n    var canvas = document.getElementById(\\\"board\\\");\\n    var ctx = canvas.getContext(\\\"2d\\\");\\n    var control = document.getElementById(\\\"ctr\\\");\\n    var controlClear = document.getElementById(\\\"ctrclear\\\");\\n    var controlShuffle = document.getElementById(\\\"ctrshuffle\\\");\\n    var inputFrames = document.getElementById(\\\"frames\\\");\\n    var fullSize = document.getElementById(\\\"full\\\");\\n    var width = document.getElementById(\\\"width\\\");\\n    var height = document.getElementById(\\\"height\\\");\\n    var tile = document.getElementById(\\\"tile\\\");\\n    var fps = document.getElementById(\\\"fps\\\");\\n    var boardSizeX;\\n    var boardSizeY;\\n    var boardState;\\n    var running = 0,\\n        r;\\n    var boardLine;\\n    var loopY;\\n    var loopX;\\n    var interval;\\n    var temp = {};\\n    var mouseIsDown = 0;\\n    var mode = null;\\n    inputFrames.value = frames;\\n    tile.value = tileSize;\\n    canvas.style.backgroundColor = \\\"black\\\";\\n    var draw = (alive, x, y) =&gt; {\\n        ctx.fillStyle = alive\\n            ? \\\"green\\\"\\n            : \\\"black\\\";\\n        ctx.fillRect(x * tileSize, y * tileSize, tileSize, tileSize);\\n    }\\n    var prepare = () =&gt; {\\n        boardState = [];\\n        for (y = 0; y &lt; loopY; y++) {\\n            boardLine = [];\\n            for (x = 0; x &lt; loopX; x++) {\\n                var living = (Math.random() * 100) &lt; 25;\\n                boardLine.push(living);\\n                draw(living, x, y);\\n            }\\n            boardState.push(boardLine);\\n        }\\n    };\\n    var sizeChange = e =&gt; {\\n        e && e.target !== fullSize && (fullSize.checked = 0);\\n        boardSizeX = !e || e.target === fullSize\\n            ? fullSize.checked\\n                ? innerWidth - 10\\n                : temp.width\\n            : width.value;\\n        boardSizeY = !e || e.target === fullSize\\n            ? fullSize.checked\\n                ? innerHeight - 90\\n                : temp.height\\n            : height.value;\\n        boardSizeX -= boardSizeX % tileSize;\\n        boardSizeY -= boardSizeY % tileSize;\\n        fullSize.checked\\n            ? (width.value = boardSizeX, height.value = boardSizeY)\\n            : (event.target !== fullSize && (temp.width = width.value, temp.height = height.value));\\n        loopY = boardSizeY / tileSize;\\n        loopX = boardSizeX / tileSize;\\n        width.value = boardSizeX;\\n        height.value = boardSizeY;\\n        canvas.style.width = boardSizeX + \\\"px\\\";\\n        canvas.style.height = boardSizeY + \\\"px\\\";\\n        canvas.width = boardSizeX;\\n        canvas.height = boardSizeY;\\n        prepare();\\n    };\\n    update = () =&gt; {\\n        var newBoardState = [];\\n        var living,\\n            xm,\\n            xp,\\n            ym,\\n            yp;\\n        for (y = 0; y &lt; loopY; y++) {\\n            var newBoardLine = [];\\n            for (x = 0; x &lt; loopX; x++) {\\n                living = 0;\\n                (xm = x - 1) &lt; 0 && (xm = loopX - 1);\\n                (ym = y - 1) &lt; 0 && (ym = loopY - 1);\\n                (xp = x + 1) &gt;= loopX && (xp = 0);\\n                (yp = y + 1) &gt;= loopY && (yp = 0);\\n                boardState[ym][xm] && living++;\\n                boardState[ym][x] && living++;\\n                boardState[ym][xp] && living++;\\n                boardState[y][xm] && living++;\\n                boardState[y][xp] && living++;\\n                boardState[yp][xm] && living++;\\n                boardState[yp][x] && living++;\\n                boardState[yp][xp] && living++;\\n                boardState[y][x]\\n                    ? (\\n                        living == 2 || living == 3\\n                        ? newBoardLine.push(true)\\n                        : (newBoardLine.push(false), draw(0, x, y)))\\n                    : (\\n                        living == 3\\n                        ? (newBoardLine.push(true), draw(1, x, y))\\n                        : newBoardLine.push(false));\\n            }\\n            newBoardState.push(newBoardLine);\\n        }\\n        boardState = newBoardState.splice(0);\\n    };\\n    var tileChange = () =&gt; {\\n        let r = running;\\n        r && clearInterval(interval);\\n        let e = event.target.value;\\n        if (e &lt; 1) \\n            e = event.target.value = 1;\\n        if (e &gt; loopX / 4 || e &gt; loopY / 4) \\n            running\\n                ? clickControl()\\n                : e = event.target.value = 5;\\n        tileSize = e;\\n        boardSizeX = fullSize.checked\\n            ? innerWidth - 10\\n            : width.value;\\n        boardSizeY = fullSize.checked\\n            ? innerHeight - 90\\n            : height.value;\\n        boardSizeX -= boardSizeX % tileSize;\\n        boardSizeY -= boardSizeY % tileSize;\\n        loopY = boardSizeY / tileSize;\\n        loopX = boardSizeX / tileSize;\\n        canvas.style.width = boardSizeX + \\\"px\\\";\\n        canvas.style.height = boardSizeY + \\\"px\\\";\\n        canvas.width = boardSizeX;\\n        canvas.height = boardSizeY;\\n        prepare();\\n        r && (interval = setInterval(update, Math.ceil(1000 / frames)));\\n    };\\n    var canvasMouseDown = () =&gt; {\\n        if (running) \\n            return;\\n        var x = Math.floor(event.offsetX / tileSize);\\n        var y = Math.floor(event.offsetY / tileSize);\\n        boardState[y][x] = !boardState[y][x];\\n        mode = boardState[y][x];\\n        draw(mode, x, y);\\n        mouseIsDown = 1;\\n    };\\n    var canvasMouseUp = () =&gt; {\\n        mouseIsDown = 0;\\n        mode = null;\\n    };\\n    var canvasMouseMove = () =&gt; {\\n        if (!mouseIsDown) \\n            return;\\n        var x = Math.floor(event.offsetX / tileSize);\\n        var y = Math.floor(event.offsetY / tileSize);\\n        boardState[y][x] = mode;\\n        draw(mode, x, y);\\n    };\\n    var clickControl = function () {\\n        (running = !running)\\n            ? (control.innerText = \\\"Stop\\\", interval = setInterval(update, Math.ceil(1000 / frames)))\\n            : (control.innerText = \\\"Start\\\", clearInterval(interval));\\n    }\\n    var clickClear = () =&gt; {\\n        for (y = 0; y &lt; loopY; y++) \\n            for (x = 0; x &lt; loopX; x++) \\n                (boardState[y][x] = false, draw(0, x, y));\\n            };\\n    var clickShuffle = () =&gt; {\\n        for (y = 0; y &lt; loopY; y++) \\n            for (x = 0; x &lt; loopX; x++) \\n                (boardState[y][x] = (Math.random() * 100) &lt; 25, draw(boardState[y][x], x, y));\\n            };\\nvar changeFrames = e =&gt; {\\n        frames = e.target.value;\\n        running && (clearInterval(interval), interval = setInterval(update, Math.ceil(1000 / frames)));\\n    }\\n    canvas.onmousedown = canvasMouseDown;\\n    canvas.onmousemove = canvasMouseMove;\\n    canvas.onmouseup = canvasMouseUp;\\n    control.onclick = clickControl;\\n    controlClear.onclick = clickClear;\\n    controlShuffle.onclick = clickShuffle;\\n    inputFrames.onchange = changeFrames;\\n    width.onchange = height.onchange = fullSize.onchange = sizeChange;\\n    tile.onchange = tileChange;\\n    sizeChange();\\n    control.click();\\n&lt;/script&gt;`;\\n            let isDragging = 0;\\n\\n            function parse(e) {\\n                const parser = new DOMParser();\\n                const tree = parser.parseFromString(In.value, \\\"text/html\\\");\\n                const style = tree.head.getElementsByTagName(\\\"style\\\");\\n                if (style.length)\\n                    for (let i = style.length - 1; i >= 0; i--) tree.body.prepend(style[i]);\\n                let $out = JSON.stringify(DOM2Obj(tree.body, Parent.value.replace(/\\\"/g, \\\"'\\\")));\\n                $out = $out.replace(/\\\"([$a-zA-Z0-9_]+)\\\":/g, \\\"$1:\\\") // remove quotes from object names if possible\\n                    .replace(/\\\"?parent\\\"?: ?\\\"(.*?)\\\"/g, \\\"parent:$1\\\") // remove quotes from the parent\\n                    .replace(/\\\"?children\\\"?: ?[],?/g, \\\"\\\"); // after that, remove empty children objects\\n                if ($out) {\\n                    Out.value = \\\"tag(\\\\n  \\\" + $out.substring(1, $out.length - 1) + \\\"\\\\n);\\\";\\n                    ParseTag.style.opacity = CopyTag.style.opacity = 1;\\n                }\\n            }\\n\\n            function DOM2Obj(element, parent, iterate) {\\n                const nodes = element.childNodes;\\n                let arr = [];\\n                let obj = {};\\n                let attributes = {};\\n                let children = [],\\n                    nodeName = \\\"\\\";\\n                for (let i = 0; i < nodes.length; i++) {\\n                    const el = nodes[i];\\n                    const isTextOrComment = el.nodeName === \\\"#text\\\" || el.nodeName === \\\"#comment\\\";\\n                    if (isTextOrComment) {\\n                        if (el.nodeValue.replace(/s+/, \\\"\\\")) {\\n                            arr.push({\\n                                [el.nodeName.substring(1)]: el.nodeValue\\n                            });\\n                            continue;\\n                        }\\n                    } else {\\n                        nodeName = el.nodeName.toLowerCase();\\n                        obj[nodeName] = {};\\n                        obj[nodeName].children = [];\\n                    }\\n                    if (el.attributes?.length) {\\n                        for (let j = 0; j < el.attributes.length; j++) {\\n                            const attr = el.attributes[j];\\n                            let name = attr.name;\\n                            if (name === \\\"class\\\") name = \\\"className\\\";\\n                            if (name.substring(0, 5) === \\\"data-\\\") {\\n                                name = name.substring(5);\\n                                obj[nodeName].dataset = obj[nodeName].dataset || {};\\n                                obj[nodeName].dataset[name] = attr.value;\\n                            } else obj[nodeName][name] = attr.value;\\n                        }\\n                    }\\n                    if (el.childNodes?.length) {\\n                        obj[nodeName].children = DOM2Obj(el, parent, 1);\\n                    }\\n                    if (Object.keys(obj).length) {\\n                        !iterate && parent && (obj.parent = parent);\\n                        arr.push(obj);\\n                        obj = {};\\n                    }\\n                }\\n                if (!iterate && arr.length > 1) {\\n                    for (element of arr) element.parent = parent || \\\"document.body\\\";\\n                }\\n                return arr;\\n            }\\n\\n            function parseTagString() {\\n                let parseContainer = tag({\\n                    div: {\\n                        id: \\\"parse-container\\\",\\n                        children: [{\\n                            div: {\\n                                id: \\\"header\\\",\\n                                className: \\\"header\\\",\\n                                children: [{\\n                                    div: {\\n                                        id: \\\"headline\\\",\\n                                        className: \\\"headline\\\",\\n                                        text: \\\"Game Of Life\\\",\\n                                        onmousedown: startDrag,\\n                                        onmousemove: drag,\\n                                        onmouseup: stopDrag\\n                                    }\\n                                }, {\\n                                    div: {\\n                                        id: \\\"closer\\\",\\n                                        className: \\\"closer\\\",\\n                                        children: [{\\n                                            span: {\\n                                                text: \\\"x\\\",\\n                                                onclick: () => document.body.removeChild(parseContainer)\\n                                            }\\n                                        }]\\n                                    }\\n                                }]\\n                            }\\n                        }, {\\n                            iframe: {\\n                                id: \\\"iframe\\\",\\n                                className: \\\"iframe\\\",\\n                                srcdoc: \\\"<!doctype html><html><head><meta charset=utf-8><style>body{background-color:#888}</style></head><body></body></html>\\\"\\n                            }\\n                        }]\\n                    },\\n                    parent: document.body\\n                });\\n                let x = 0,\\n                    y = 0;\\n                Iframe = document.getElementById(\\\"iframe\\\");\\n\\n                function startDrag(e) {\\n                    e.preventDefault();\\n                    isDragging = 1;\\n                    x = parseContainer.offsetLeft - e.clientX;\\n                    y = parseContainer.offsetTop - e.clientY;\\n                    onmousemove = drag;\\n                    onmouseup = stopDrag;\\n                }\\n\\n                function drag(e) {\\n                    e.preventDefault();\\n                    if (!isDragging) return;\\n                    parseContainer.style.left = (e.clientX + x) + \\\"px\\\";\\n                    parseContainer.style.top = (e.clientY + y) + \\\"px\\\";\\n                }\\n\\n                function stopDrag(e) {\\n                    isDragging = 0;\\n                    onmousemove = null;\\n                    onmouseup = null;\\n                }\\n                eval(\\\"var a = \\\" + Out.value.replace(/^tag\\\\((s+)?/, \\\"[\\\").replace(/(s+)?\\\\);$/, \\\"]\\\"));\\n                for (let i = 0; i < a.length; i++) {\\n                    Object.keys(a[i]).forEach(e => delete a[i][e].parent);\\n                    delete a[i].parent;\\n                    setTimeout(() => Iframe.contentDocument.body.append(tag([a[i]])), 100);\\n                }\\n            }\\n\\n            function tag() {\\n                if (!arguments.length) return;\\n                const args = Array.isArray(arguments[0]) ? arguments[0] : [...arguments];\\n                let element, newTag;\\n                if (args.length === 1 && typeof args[0] === \\\"string\\\") {\\n                    const a = args[0],\\n                        b = a.match(/(w+)[(.*?)]/);\\n                    if (b?.length === 3) return document.querySelectorAll(b[1] + b[2]);\\n                    return document.getElementsByTagName(a);\\n                }\\n\\n                function each(items, cb) {\\n                    if (items.constructor === Object) {\\n                        Object.entries(items).forEach(([key, value], index) => cb(key, value, index));\\n                    } else [...items].forEach((key, index) => cb(key, index));\\n                }\\n                for (let i = 0; i < args.length; i++) {\\n                    let parent;\\n                    const arg = Object.keys(args[i]);\\n                    newTag = arg[0];\\n                    const attr = args[i][newTag];\\n                    if (arg[1]) parent = args[i][arg[1]];\\n                    element = document.createElement(newTag);\\n                    attr && each(attr, (key, value) => {\\n                        key === \\\"dataset\\\" ? each(value, (k, v) => element.dataset[k] = v) : key === \\\"text\\\" ? element.appendChild(document.createTextNode(value)) : key === \\\"html\\\" ? element.innerHTML += value : key === \\\"style\\\" ? typeof value === \\\"object\\\" ? each(value, (k, v) => element.style[k] = v) : each(value.split(\\\";\\\"), entry => {\\n                            let [k, v] = entry.split(\\\":\\\");\\n                            element.style[k] = v;\\n                        }) : key === \\\"children\\\" ? (each(value, child => each(child, (k, v) => {\\n                            k === \\\"text\\\" ? element.appendChild(document.createTextNode(v)) : k === \\\"comment\\\" ? element.appendChild(document.createComment(v)) : k === \\\"html\\\" ? element.innerHTML += v : tag([{\\n                                ...child,\\n                                parent: element\\n                            }]);\\n                        }))) : element[key] = value;\\n                    });\\n                    parent && parent.appendChild(element);\\n                }\\n                return element;\\n            }\\n\\n            function copyContent(e) {\\n                const a = tag({\\n                    textarea: {\\n                        html: e.target.innerHTML || e.target.value\\n                    },\\n                    parent: document.body\\n                });\\n                a.focus();\\n                a.select();\\n                document.execCommand(\\\"copy\\\");\\n                document.body.removeChild(a);\\n                e.target.scrollIntoView();\\n                console.log(\\\"Inhalt wurde in die Zwischenablage kopiert.\\\");\\n            }\\n\\n            function onmousedown(e) {\\n                pre.innerHTML = preContent;\\n                pre.title = \\\"Zum Schließen Mauszeiger entfernen.\\\\nKlicken zum Kopieren der Funktion.\\\";\\n                pre.onmousedown = copyContent;\\n            }\\n\\n            function onmouseout(e) {\\n                pre.innerHTML = \\\"function tag() {....}\\\";\\n                pre.title = \\\"Klicken zum Anzeigen der Funktion.\\\";\\n                pre.onmousedown = onmousedown;\\n            }\\n            pre.onmousedown = onmousedown;\\n            pre.onmouseout = onmouseout;\\n            Parse.onclick = parse;\\n            ParseTag.onclick = parseTagString;\\n            CopyTag.onclick = function() {\\n                copyContent({\\n                    target: Out\\n                });\\n            };\\n            Out.oninput = function(e) {\\n                ParseTag.style.opacity = CopyTag.style.opacity = Out.value ? 1 : 0;\\n            };\\n            In.innerHTML = inHtml;\\n</scr\"+\"ipt>\";\nwindow.onload = function() {\n    tag({\n        center: {\n            children: [{\n                h1: {\n                     text: \"Tag-Parser-Demo\"\n                }\n            }, {\n                p: {\n                    children: [{\n                        text: \"Wandelt HTML-Code in Object-Code zum dynamischen Erzeugen von HTML innerhalb\"\n                    }, {\n                        br: {}\n                    }, {\n                        text: \"von Javascript mit der tag-Funktion.\"\n                    }]\n                }\n            }]\n        },\n        parent: document.body\n    }, {\n        span: {\n            children: [{\n                label: {\n                    text: \"TAG-Funktion\",\n                    for: \"pre\"\n                }\n            }, {\n                pre: {\n                    text: \"function tag() {....}\",\n                    id: \"pre\",\n                    onmousedown,\n                    onmouseout\n                }\n            }, {\n                div: {\n                    children: [{\n                        label: {\n                            text: \"HTML-Eingabe\",\n                            for: \"in\"\n                        }\n                    }, {\n                        textarea: {\n                            id: \"in\",\n                            html: inHtml\n                        }\n                    }],\n                    className: \"text\"\n                }\n            }, {\n                div: {\n                    children: [{\n                        label: {\n                            text: \"Tag-Ausgabe\",\n                            for: \"out\"\n                        }\n                    }, {\n                        textarea: {\n                            id: \"out\",\n                            oninput: function() {\n                                ParseTag.style.opacity = CopyTag.style.opacity = this.value ? 1 : 0;\n                            }\n                        }\n                    }],\n                    className: \"text\"\n                }\n            }, {\n                div: {\n                    className: \"checkdiv\",\n                    children: [{\n                        label: {\n                            for: \"box\",\n                            text: \"Minifizieren\",\n                            children: [{\n                                input: {\n                                    type: \"checkbox\",\n                                    id: \"box\",\n                                    className: \"text\"\n                                }\n                            }]\n                        }\n                    }]\n                }\n            }, {\n                div: {\n                    children: [{\n                        label: {\n                            text: \"Hinzufügen zu\",\n                            children: [{\n                                input: {\n                                    id: \"parent\",\n                                    type: \"text\",\n                                    placeholder: \"document.body\"\n                                }\n                            }, {\n                                input: {\n                                    type: \"button\",\n                                    value: \"Erstellen\",\n                                    id: \"parse\",\n                                    onclick: parse\n                                }\n                            }, {\n                                input: {\n                                    type: \"button\",\n                                    value: \"Parsen\",\n                                    id: \"parse-tag\",\n                                    onclick: parseTagString\n                                }\n                            }, {\n                                input: {\n                                    type: \"button\",\n                                    value: \"Kopieren\",\n                                    id: \"copy-tag\",\n                                    onclick: () => copyContent({\n                                        target: Out\n                                    })\n                                }\n                            }]\n                        }\n                    }]\n                }\n            }],\n            className: \"pre\"\n        },\n        parent: document.body\n    });\n    In = document.getElementById(\"in\");\n    Out = document.getElementById(\"out\");\n    ParseTag = document.getElementById(\"parse-tag\");\n    CopyTag = document.getElementById(\"copy-tag\");\n    Parse = document.getElementById(\"parse\");\n    Pre = document.getElementById(\"pre\");\n    Parent = document.getElementById(\"parent\");\n    PreContent = `function tag() {\\n  if (!arguments.length) return;\\n  const args = Array.isArray(arguments[0]) ? arguments[0] : [...args];\\n  let element, newTag;\\n  if (args.length === 1 && typeof args[0] === \"string\") {\\n    let a = args[0], b = a.match(/(w+)[(.*?)]/);\\n    if (b?.length === 3) return document.querySelectorAll(b[1] + b[2]);\\n    return document.getElementsByTagName(a);\\n  }\\n  function each(items, cb) {\\n    if (items.constructor === Object) {\\n      Object.entries(items).forEach(([key, value], index) => cb(key, value, index));\\n    } else [...items].forEach((key, index) => cb(key, index));\\n  }\\n  for (let i = 0; i < args.length; i++) {\\n    let parent;\\n    const arg = Object.keys(args[i]);\\n    newTag = arg[0];\\n    const attr = args[i][newTag];\\n    if (arg[1]) parent = args[i][arg[1]];\\n    element = document.createElement(newTag);\\n    attr && each(attr, (key, value) => {\\n      key === \"dataset\" ? each(value, (k, v) => element.dataset[k] = v) :\\n      key === \"text\" ? element.appendChild(document.createTextNode(value)) :\\n      key === \"html\" ? element.innerHTML += value :\\n      key === \"style\" ? typeof value === \"object\" ?\\n        each(value, (k, v) => element.style[k] = v) :\\n        each(value.split(\";\"), entry => {\\n          let [k, v] = entry.split(\":\");\\n          element.style[k] = v;\\n        }) :\\n      key === \"children\" ? (\\n        each(value, child => each(child, (k, v) => {\\n          k === \"text\" ? element.appendChild(document.createTextNode(v)) :\\n          k === \"html\" ? element.innerHTML += v :\\n          tag({...child, parent: element});\\n        }))\\n      ) : element[key] = value;\\n    });\\n    parent && parent.appendChild(element);\\n  }\\n  return element;\\n}`;\n    Minify = document.getElementById(\"box\");\n}\n\nfunction parse() {\n    const parser = new DOMParser();\n    const tree = parser.parseFromString(In.value, \"text/html\");\n    const style = tree.head.getElementsByTagName(\"style\");\n    if (style.length) for (let i = style.length - 1; i >= 0; i--) tree.body.prepend(style[i]);\n    let $out = JSON.stringify(DOM2Obj(tree.body, Parent.value.replace(/\"/g, \"'\")), null, Minify.checked ? null : \"  \");\n    $out = $out.replace(/\"([$a-zA-Z0-9_]+)\":/g, \"$1:\") // remove quotes from object names if possible\n        .replace(/\"?parent\"?: ?\"(.*?)\"/g, \"parent:$1\"); // remove quotes from the parent\n    $out = $out.substring(1, $out.length - 1); // remove the unnecessary array braces enclosing the result\n    if ($out) {\n        Out.value = \"tag(\" + $out + \");\";\n        ParseTag.style.opacity = CopyTag.style.opacity = 1;\n    }\n}\n\nfunction DOM2Obj(element, parent, iterate) {\n\tconst nodes = [...element.childNodes];\n\tlet arr = [], obj = {}, attributes = {}, children = [], nodeName = \"\";\n\teach(nodes, el => {\n\t    [3, 8].indexOf(el.nodeType) > -1 ? // text or comment node\n\t\t(el.nodeValue || el.textContent || el.innerText).trim() && arr.push({ [el.nodeName.substring(1)]: el.nodeValue || el.textContent || el.innerText }) : (\n\t\t\tnodeName = el.nodeName.toLowerCase(),\n\t\t\tobj[nodeName] = {},\n\t\t\tobj[nodeName].children = []\n\t\t);\n\t\tel.attributes?.length && (\n\t\t\teach([...el.attributes], ({name, value}) => {\n\t\t\t\tname === \"class\" && (name = \"className\");\n\t\t\t\tname.substring(0, 5) === \"data-\" ? obj[nodeName].dataset = { ...obj[nodeName].dataset, [name.substring(5)]: value } :\n\t\t\t\tobj[nodeName][name] = value;\n\t\t\t})\n\t\t)\n\t\tel.childNodes?.length && (obj[nodeName].children = DOM2Obj(el, parent, 1));\n\n\t\tObject.keys(obj).length && (\n            (obj[nodeName].children.length === 1 && obj[nodeName].children[0].text ? (\n                obj[nodeName].text = obj[nodeName].children[0].text,\n                delete obj[nodeName].children\n            ) : !obj[nodeName].children.length && delete obj[nodeName].children\n            ), !iterate && parent && (obj.parent = parent),\n\t\t\tarr.push(obj),\n\t\t\tobj = {}\n\t\t);\n\t});\n\treturn arr;\n}\n\n\nDOM2Obj.stringify = (element, parent, beautify) => {\n    return beautify ? \n    JSON.stringify(DOM2Obj(element, parent), null, \"  \") :\n    JSON.stringify(DOM2Obj(element, parent));\n}\n\nDOM2Obj.parse = function(arguments) {\n    return tag(arguments);\n}\n\nfunction parseTagString() {\n\tlet parseContainer = tag(\n\t\t{ div: { id: \"parse-container_\" + IframeCounter, style: \"z-index: \" + GlobalZindex++, className: \"parse-container\", children: [\n\t\t\t{ div: { id: \"header\", className: \"header\", children: [\n\t\t\t\t{ div: { id: \"headline\", className: \"headline\", text: \"Test-Container #\" + (IframeCounter + 1), dataset: { id: IframeCounter++ }, onmousedown: startDrag, onmousemove: drag, onmouseup: stopDrag }},\n\t\t\t\t{ div: { id: \"closer\", className: \"closer\", onclick: () => document.body.removeChild(parseContainer)}}]}},\n\t\t\t{ iframe: { id: \"iframe\", className: \"iframe\", srcdoc: \"<!doctype html><html><head><meta charset=utf-8><style>body{background-color:#888}</style></head><body></body></html>\" }}]\n\t\t}, parent: document.body }\n\t), x = 0, y = 0, isDragging = 0,\n\tIframe = parseContainer.getElementsByTagName(\"iframe\")[0];\n\n\teval(\"var a = \" + Out.value.replace(/^tag\\((\\s+)?/, \"[\").replace(/(\\s+)?\\);$/, \"]\"));\n\tfor (let i = 0; i < a.length; i++) {\n\t\tObject.keys(a[i]).forEach(e => delete a[i][e].parent);\n\t\tdelete a[i].parent;\n\t\tsetTimeout(() => Iframe.contentDocument.body.append(tag([a[i]])), 100);\n\t}\n\n\tfunction startDrag(e) {\n\t\te.preventDefault();\n\t\tparseContainer = document.getElementById(\"parse-container_\" + e.target.dataset.id);\n\t\tparseContainer.style.zIndex = GlobalZindex++;\n\t\tx = parseContainer.offsetLeft - e.clientX;\n\t\ty = parseContainer.offsetTop - e.clientY;\n\t\tisDragging = 1;\n\t\t// Integrate iframe and document into the dragging so that the window follows the\n\t\t// mouse pointer even when leaving the container (when the mouse moves quickly)\n\t\tdocument.onmousemove = drag;\n\t\tdocument.onmouseup = Iframe.contentDocument.onmouseup = stopDrag;\n\t\tIframe.contentDocument.onmousemove = function(e) {\n\t\t\t// If the mouse pointer moves over the iframe when dragging, its offset\n\t\t\t// must be taken into account so that the container follows the mouse properly\n\t\t\tlet rect = Iframe.getBoundingClientRect();\n\t\t\tdrag({clientX: e.clientX + rect.x, clientY: e.clientY + rect.y, preventDefault: () => {}});\n\t\t}\n\t}\n\n\tfunction drag(e) {\n\t\te.preventDefault();\n\t\tif(!isDragging) return;\n\t\tparseContainer.style.left = e.clientX + x + \"px\";\n\t\tparseContainer.style.top = e.clientY + y + \"px\";\n\t}\n\n\tfunction stopDrag() {\n\t\tisDragging = onmousemove = onmouseup = Iframe.contentDocument.onmousemove = Iframe.contentDocument.onmouseup = null;\n\t}\n}\n\nfunction tag() {\n    if (!arguments.length) return;\n    const args = Array.isArray(arguments[0]) ? arguments[0] : [...arguments];\n    let element, newTag;\n    if (args.length === 1 && typeof args[0] === \"string\") {\n        const a = args[0],\n            b = a.match(/(\\w+)\\[(.*?)\\]/);\n        if (b?.length === 3) return document.querySelectorAll(b[1] + b[2]);\n        return document.getElementsByTagName(a);\n    }\n\n    for (let i = 0; i < args.length; i++) {\n        let parent;\n        const arg = Object.keys(args[i]);\n        newTag = arg[0];\n        const attr = args[i][newTag];\n        if (arg[1]) parent = args[i][arg[1]];\n        element = document.createElement(newTag);\n        attr && each(attr, (key, value) => {\n            key === \"dataset\" ? each(value, (k, v) => element.dataset[k] = v) : key === \"text\" ? element.appendChild(document.createTextNode(value)) : key === \"html\" ? element.innerHTML += value : key === \"style\" ? typeof value === \"object\" ? each(value, (k, v) => element.style[k] = v) : each(value.split(\";\"), entry => {\n                let [k, v] = entry.split(\":\").map(e => e.trim());\n                element.style[k] = v;\n            }) : key === \"children\" ? (each(value, child => each(child, (k, v) => {\n                k === \"text\" ? element.appendChild(document.createTextNode(v)) : k === \"comment\" ? element.appendChild(document.createComment(v)) : k === \"html\" ? element.innerHTML += v : tag([{\n                    ...child,\n                    parent: element\n                }]);\n            }))) : element[key] = value;\n        });\n        parent && parent.appendChild(element);\n    }\n    return element;\n}\n\nfunction copyContent(e) {\n    const a = tag({\n        textarea: {\n            html: e.target.innerHTML || e.target.value\n        },\n        parent: document.body\n    });\n    a.focus();\n    a.select();\n    document.execCommand(\"copy\");\n    document.body.removeChild(a);\n    e.target.scrollIntoView();\n    console.log(\"Inhalt wurde in die Zwischenablage kopiert.\");\n}\n\nfunction each(items, cb) {\n    if (items.constructor === Object) {\n        Object.entries(items).forEach(([key, value], index) => cb(key, value, index));\n    } else if(Array.isArray(items)) items.forEach((key, index) => cb(key, index));\n}\n\nfunction onmousedown(e) {\n    Pre.innerHTML = PreContent;\n    Pre.title = \"Zum Schließen Mauszeiger entfernen.\\nKlicken zum Kopieren der Funktion.\";\n    Pre.onmousedown = copyContent;\n}\n\nfunction onmouseout(e) {\n    Pre.innerHTML = \"function tag() {....}\";\n    Pre.title = \"Klicken zum Anzeigen der Funktion.\";\n    Pre.onmousedown = onmousedown;\n}\n\nsetTimeout(() => In.value = inHtml2, 100);",
  "ts": "",
  "assets": "",
  "size": 61592
}